first_name,last_name,email,order_id,order_at,amount
Ephrem,Karpe,ekarpe0@virginia.edu,01GWGRCZGDXBJG7Y44FYHB2Z7Q,2022-10-06,5000
Kaiser,Southerill,ksoutherill1@census.gov,01GWGRCZGGM0N1Z8Z0DJK9SXS4,2022-08-28,6000
Merralee,Kellog,mkellog2@gov.uk,01GWGRCZGJW9F69433XQYKXPJ7,2022-02-20,6100
Emmott,Jeremaes,ejeremaes3@blogger.com,01GWGRCZGNR8BH9Z4B733NW37Z,2022-07-19,5400
Angeli,Satterlee,asatterlee4@intel.com,01GWGRCZGQQE737MQ0AYHS70XY,2022-12-22,5100
Kerry,Wicklin,kwicklin5@theglobeandmail.com,01GWGRCZGSSSZ8NKMG6Y7252HM,2022-08-20,7000
Greg,Greste,ggreste6@imdb.com,01GWGRCZGVVKZ4H26DMZ3KV477,2022-05-02,5600
Andre,Goding,agoding7@time.com,01GWGRCZGXH6EVW3RE3782SGSB,2022-07-15,6800
Peggi,Minot,pminot8@arstechnica.com,01GWGRCZH0E642X8WBPMANF8MF,2022-02-20,5200
Danya,Snel,dsnel9@dailymotion.com,01GWGRCZH1XTR9F40YE9MM0HS1,2023-01-13,5200
Kelwin,Coghlin,kcoghlina@arstechnica.com,01GWGRCZH4J0RDKANBSTTC4R16,2022-12-24,5100
Harriott,Tilzey,htilzeyb@time.com,01GWGRCZH56QHH0SS5PZQWMWA7,2022-02-08,5800
Frannie,Cohalan,fcohalanc@sohu.com,01GWGRCZH84A66KV33PAC9GTVD,2022-04-05,6800
Cristen,Swabey,cswabeyd@shop-pro.jp,01GWGRCZHASXN9XRMBBAVAPHR6,2022-05-18,6200
Reuben,Broadbear,rbroadbeare@techcrunch.com,01GWGRCZHCFM435N935SS2T551,2022-11-19,5200
Lorrin,Cooke,lcookef@theguardian.com,01GWGRCZHDX1G3EFGEVX53T5ZF,2022-09-22,6700
Bryn,Curless,bcurlessg@home.pl,01GWGRCZHFK58JP8WW2897BZ74,2022-05-11,5000
Timmie,Clayborn,tclaybornh@hhs.gov,01GWGRCZHHZWSPPNA7YQJYP0AE,2022-10-04,5200
Jerad,Please,jpleasei@de.vu,01GWGRCZHKGJW8TXDYR5SZ9VC4,2022-06-28,6000
Tiffani,Hurley,thurleyj@g.co,01GWGRCZHNHP3PAKFJR7SGNA8X,2022-09-01,6300
Shanda,McGonagle,smcgonaglek@telegraph.co.uk,01GWGRCZHR3WQ1AGSAG04808GT,2023-01-11,5800
Brok,Labern,blabernl@nhs.uk,01GWGRCZHS6YS73MZ9CJZMYT9J,2022-08-01,6700
Libbie,Soar,lsoarm@barnesandnoble.com,01GWGRCZHW5G9EMBVXWY1D5Y0S,2022-05-12,5800
Bari,Hellier,bhelliern@sakura.ne.jp,01GWGRCZHYBNSKQEKRXY44ST2S,2022-05-25,6800
Karita,Casement,kcasemento@blogs.com,01GWGRCZJ0TFD80RGYXEFS9W7D,2022-04-15,5000
Gerard,Dowsett,gdowsettp@cdc.gov,01GWGRCZJ21649MJ6XKTS9N47Y,2022-10-26,6100
Eachelle,Rugiero,erugieroq@cloudflare.com,01GWGRCZJ47XPNQ3DKWWB0J4CX,2022-01-23,5800
Kyrstin,Rambaut,krambautr@dot.gov,01GWGRCZJ66865SHETZJ1C5K4F,2022-07-13,5800
Annabella,Cathesyed,acathesyeds@comsenz.com,01GWGRCZJ8A9HE0XYJG3E7PEZ9,2023-03-21,5200
Nadine,Birts,nbirtst@chicagotribune.com,01GWGRCZJA142DF9J7K7R9CRJG,2022-04-12,5000
Orton,De Fraine,odefraineu@51.la,01GWGRCZJCA7XS1W3GXCJ9F4CY,2023-02-26,6900
Somerset,Mack,smackv@alibaba.com,01GWGRCZJE5HSR64T88YCKSNHQ,2023-03-05,5200
Koenraad,Pattison,kpattisonw@gmpg.org,01GWGRCZJGVWK2Q7WYZ0EKV9RM,2022-04-27,5300
Hill,Esch,heschx@google.cn,01GWGRCZJJKKB8TF2CW1QQC6K3,2022-10-25,6500
Ashlin,Spandley,aspandleyy@economist.com,01GWGRCZJM0PK9W24B19MQR21N,2023-01-19,6600
Greggory,Hrynczyk,ghrynczykz@tmall.com,01GWGRCZJQ8T9NGSXCJ625N5X4,2022-06-14,6900
Dorice,Stansall,dstansall10@google.it,01GWGRCZJRZYKJ3P20X71SDT04,2022-04-07,6300
Quintin,Noraway,qnoraway11@skyrock.com,01GWGRCZJVTQWXAPPZP5BN1RJF,2022-09-08,7000
Adina,Asif,aasif12@dyndns.org,01GWGRCZJX99F5CG3XQPEAR37E,2022-03-02,5400
Alis,Tutchener,atutchener13@eventbrite.com,01GWGRCZJZAE67EAERYAGSSARD,2023-03-25,5800
Sula,Whife,swhife14@clickbank.net,01GWGRCZK1Y2E15Z2ENR2NQTR8,2022-03-10,5300
Verge,Hubery,vhubery15@miitbeian.gov.cn,01GWGRCZK35GWYG90E8Q8NF8Q4,2022-04-12,6000
Melonie,Szymanowicz,mszymanowicz16@columbia.edu,01GWGRCZK5Q8QKFHDSZSTC5DW5,2023-02-27,6200
Kasper,Mathewson,kmathewson17@ucoz.com,01GWGRCZK7TWG6NA8HFSZ8VQNG,2022-09-20,6100
Rivalee,Ringer,rringer18@wisc.edu,01GWGRCZK9QHJGBTH22BV9X1R9,2022-07-10,6200
Vasily,Heinish,vheinish19@comsenz.com,01GWGRCZKC9092RWDV3R6RYNFJ,2022-01-09,6000
Allan,Saby,asaby1a@edublogs.org,01GWGRCZKEG1WYNCX8P57H9YTM,2022-07-11,5200
Kelby,Pinyon,kpinyon1b@cloudflare.com,01GWGRCZKHFM02K7BC0G67Y88Z,2022-01-04,5800
Trevar,Adlem,tadlem1c@google.ca,01GWGRCZKKBNSYPVHPTZ0A74B0,2022-08-04,6700
Ynez,Werndley,ywerndley1d@cornell.edu,01GWGRCZKPCD2X7ER7AKJK9495,2022-06-17,5200
Haleigh,Baistow,hbaistow1e@webmd.com,01GWGRCZKRX327AN31NQ6QMX9H,2022-10-09,5200
Winne,Giuron,wgiuron1f@google.com.au,01GWGRCZKVAW7ZVA7RNMP83047,2023-02-17,5700
Donnell,Newsham,dnewsham1g@behance.net,01GWGRCZKXET8MG79VPC5FBW62,2022-05-25,5300
Asher,Killik,akillik1h@home.pl,01GWGRCZM1B3X8BTXKKMXBW2CJ,2022-06-24,6500
Harald,Samarth,hsamarth1i@dmoz.org,01GWGRCZM33YGG2R7Y53HEGGXT,2022-10-14,6700
Chere,Giraths,cgiraths1j@technorati.com,01GWGRCZM5ZVAFRZVHJ28G1XB4,2022-08-18,6200
Ira,Ungerechts,iungerechts1k@fda.gov,01GWGRCZM8F1XCVD1QJTVCPZ8Q,2022-05-22,5100
Elayne,Antoniat,eantoniat1l@last.fm,01GWGRCZMACZ6A33YYE2801KEZ,2022-12-18,5200
Kathrine,Pury,kpury1m@ucsd.edu,01GWGRCZMCGKA3KW2207P8T3B2,2022-05-02,6000
Ricoriki,Van der Beek,rvanderbeek1n@livejournal.com,01GWGRCZMEXGF5R1J9T3EQJW42,2022-10-27,6300
Lincoln,Standring,lstandring1o@arstechnica.com,01GWGRCZMG1QQS71B4B72968E4,2022-06-11,6700
Lauritz,Birdsey,lbirdsey1p@dion.ne.jp,01GWGRCZMJ4RAZDM6AHMM3B413,2022-12-31,5300
Rowe,Dumberrill,rdumberrill1q@europa.eu,01GWGRCZMM7K75P4TYC3ZD62Z8,2022-10-29,5800
Pandora,Cockrill,pcockrill1r@huffingtonpost.com,01GWGRCZMP014B7G4F80948XXC,2023-03-14,6300
Tiphanie,Antoniewski,tantoniewski1s@ted.com,01GWGRCZMQBVY6GSBYP0NZTC5Y,2022-12-13,6900
Ceciley,Cowitz,ccowitz1t@printfriendly.com,01GWGRCZMTQ2VAHRT4CWMS4T7J,2022-07-13,5300
Otha,Lishmund,olishmund1u@washington.edu,01GWGRCZMW6R3MTRTFCK6YHAWT,2022-01-23,6300
Clotilda,Carmont,ccarmont1v@indiegogo.com,01GWGRCZMYYGS3P4D465QX6KWM,2022-10-19,6800
Ninette,Pakeman,npakeman1w@businessinsider.com,01GWGRCZN0EN17J3Y8GY2PHWV9,2022-05-25,6800
Marena,Napier,mnapier1x@senate.gov,01GWGRCZN19EKKPF3DWSP6GD0E,2022-06-18,6100
Duncan,Ervine,dervine1y@exblog.jp,01GWGRCZN4685Z4R19MMZ47F9M,2022-09-27,5600
Bunny,Kilbourn,bkilbourn1z@cocolog-nifty.com,01GWGRCZN7STQJNTG3S5MVDDN2,2022-06-01,5500
Elihu,Gergher,egergher20@com.com,01GWGRCZN87R3CFDSJEFNSCHQ0,2022-12-22,6900
Darsie,Hakey,dhakey21@theatlantic.com,01GWGRCZNA7QVW4TVM41MYKJQW,2022-05-24,5000
Aguie,Peddar,apeddar22@dropbox.com,01GWGRCZND1AN0KTYB7V94VBCE,2023-01-19,5000
Isabel,Jantel,ijantel23@angelfire.com,01GWGRCZNFH69CKN5YW4446VK6,2022-07-23,5800
Kalil,Lerigo,klerigo24@joomla.org,01GWGRCZNGM5V2SDFDA8VQ9YTE,2022-07-06,6700
Bennie,Strewther,bstrewther25@auda.org.au,01GWGRCZNHTSEQCE0P7QDPSFRW,2022-08-06,6800
Ole,Yallop,oyallop26@blogger.com,01GWGRCZNKJZG1YWHYK4FVCQV8,2023-01-07,6900
Darcie,Kidney,dkidney27@goo.gl,01GWGRCZNM3FM5557D680ZX74K,2022-03-03,6300
Mace,Frayling,mfrayling28@microsoft.com,01GWGRCZNPSTYXMZ599TVYDDKG,2022-07-30,5900
Aubree,Menier,amenier29@sun.com,01GWGRCZNQBC34GY4YRZPKKKC6,2022-05-19,6600
Ronna,Camble,rcamble2a@unblog.fr,01GWGRCZNTBCKVR3XHPZKMZW2W,2022-11-01,6100
Ivan,Towll,itowll2b@springer.com,01GWGRCZNW9ZMKGD9QSCK12NVX,2022-05-14,6300
Moria,Christall,mchristall2c@sun.com,01GWGRCZNXN01XMRJZQY88SQ0F,2022-06-12,5400
Sauncho,Roffe,sroffe2d@quantcast.com,01GWGRCZNZPTX1TDD1YY9JVFM9,2023-01-18,5800
Gardiner,Maharry,gmaharry2e@elpais.com,01GWGRCZP1RD47HSEJ1B76NYJB,2022-02-09,6600
Keeley,Serjent,kserjent2f@chicagotribune.com,01GWGRCZP2M8RV6FVX7YP0Q4T2,2022-01-25,7000
Vivienne,Dawbury,vdawbury2g@creativecommons.org,01GWGRCZP3EGPDK8GF4TYA1H37,2023-01-30,5500
Timmy,Gounard,tgounard2h@imdb.com,01GWGRCZP5PTC85XNMG6VDEFHD,2022-04-19,5100
Frieda,Meron,fmeron2i@xing.com,01GWGRCZP60D00AGV2TBGCKVY4,2022-10-31,6500
Barnabas,Ledekker,bledekker2j@theguardian.com,01GWGRCZP745J08Z5BT9QEKHJN,2022-07-17,5100
Gradeigh,Baumann,gbaumann2k@goo.gl,01GWGRCZP9REAHSNC7DF40K7RH,2023-01-05,6000
Chere,Wagerfield,cwagerfield2l@comsenz.com,01GWGRCZPAMEE0JPVNBM0ZX2PX,2022-11-09,6200
Dominique,Seabright,dseabright2m@arstechnica.com,01GWGRCZPBAKFW557H0DBFWKDT,2022-05-09,5000
Juline,Artois,jartois2n@reuters.com,01GWGRCZPD4S0CZC6QARDF0KXQ,2022-07-09,5300
Clary,Crossley,ccrossley2o@ning.com,01GWGRCZPEZ3NKZ3YS8K0V43MK,2022-10-24,5200
Zola,Ibberson,zibberson2p@cam.ac.uk,01GWGRCZPFJTC5YVAGYNGW1JQN,2023-03-11,5500
Eleanora,Awcock,eawcock2q@blogs.com,01GWGRCZPH3VNCG4TEFSD9F4P5,2023-03-12,5600
Emelina,Naton,enaton2r@loc.gov,01GWGRCZPMAP39BDHZXXRE6HCZ,2022-11-20,6100
Rollo,Gamlyn,rgamlyn2s@whitehouse.gov,01GWGRCZPNY5F622A2MREAWGWP,2022-03-24,6100
Richie,Parks,rparks2t@scribd.com,01GWGRCZPPQJ7X8KQJB1YKS97S,2022-01-17,5100
Daisi,Ipgrave,dipgrave2u@cornell.edu,01GWGRCZPR91ENNKFC2CMA3TYR,2022-04-06,6100
Coriss,Chat,cchat2v@parallels.com,01GWGRCZPTDMVCZ3G6CCS3HGBH,2022-11-28,7000
Rozina,Goodee,rgoodee2w@123-reg.co.uk,01GWGRCZPWGYZVSB2PW8V8YPXG,2022-09-14,5800
Cybill,Lillegard,clillegard2x@spiegel.de,01GWGRCZPX38Z5X5G0BG0VGVKQ,2022-01-18,6500
Melony,Riddler,mriddler2y@state.gov,01GWGRCZPYEJBBMJ971Z0R5SEZ,2022-08-05,5800
Lishe,Paty,lpaty2z@sfgate.com,01GWGRCZPZJ30HZGJFBPS7HK9N,2022-12-12,6400
Bea,Asty,basty30@bing.com,01GWGRCZQ0SJ33MWFF1ZMRVF5D,2022-12-30,6300
Kendall,Westwick,kwestwick31@theguardian.com,01GWGRCZQ24VFAB3YPY477VDRJ,2022-07-04,6600
Cletis,Hayzer,chayzer32@cbsnews.com,01GWGRD07CVMVF41FSQME9FQFC,2022-10-22,5200
Jilli,Yanuk,jyanuk33@sciencedaily.com,01GWGRD09927XBA6DTJ6GNESC3,2022-03-19,7000
Winnifred,Crease,wcrease34@japanpost.jp,01GWGRD09MF5F40S7S0S603ZCH,2022-07-20,5000
Merna,Brandon,mbrandon35@intel.com,01GWGRD09VYPXSSP9VFGK51WZK,2022-06-13,5900
Alida,Beiderbecke,abeiderbecke36@army.mil,01GWGRD0A69HJHANCNX0YNG4J4,2022-07-11,5600
Hedi,Dowall,hdowall37@wikimedia.org,01GWGRD0AD4GKWP5G2EJB57CGD,2022-07-22,5000
Rosamund,Tofano,rtofano38@addthis.com,01GWGRD0AG720FJ0TZ969CA9SQ,2022-01-30,5100
Andrei,Rye,arye39@mit.edu,01GWGRD0AMHDT9MD283MQ3Y52E,2022-10-23,6800
Brenn,Diben,bdiben3a@google.com.br,01GWGRD0AQ4XMY749JE8G3K07N,2022-11-18,6200
Miner,Furlow,mfurlow3b@weebly.com,01GWGRD0AR8HD3VZF0FH7KJZAT,2022-04-15,5200
Sandro,Brecher,sbrecher3c@mashable.com,01GWGRD0ATKBATN85D2B22HTK9,2022-05-30,5400
Hallie,Grundell,hgrundell3d@flavors.me,01GWGRD0AVTZTS81W0X9JRY30X,2022-09-19,5200
Colby,Tolliday,ctolliday3e@nps.gov,01GWGRD0AYKDC49K6J23VXYPFR,2022-12-01,5400
Jennette,Beauvais,jbeauvais3f@cdbaby.com,01GWGRD0B289MG0ATAXHW247VF,2022-09-15,5200
Eudora,Bownd,ebownd3g@tiny.cc,01GWGRD0B58M505RAHWZ6FCNDX,2022-06-08,5100
Sacha,Keywood,skeywood3h@feedburner.com,01GWGRD0B8WKDET6CFYABMZ844,2022-09-11,7000
Brynne,McEwen,bmcewen3i@exblog.jp,01GWGRD0BDZT1F3RZD93S8BVE9,2022-09-14,5100
Sibyl,Imlacke,simlacke3j@wordpress.com,01GWGRD0BG20Q9NN99HBSYHES5,2023-01-29,6500
Elly,Dilke,edilke3k@tinyurl.com,01GWGRD0BMWW5GT8F0PS8Z3S7V,2022-09-19,6000
Virgilio,Abbots,vabbots3l@intel.com,01GWGRD0BQVWSB97AWTWW6CZMB,2022-10-16,6800
Alon,Bloxham,abloxham3m@unicef.org,01GWGRD0BTQDGPD7RPVQ6TY5E1,2022-01-22,5700
Porter,Humberston,phumberston3n@amazon.co.uk,01GWGRD0BXB7YJARMKYYFTKYZH,2022-07-16,6400
Shawn,Coaker,scoaker3o@reddit.com,01GWGRD0C1FMTKWZ0XRYBY2CFZ,2022-12-05,5600
Andre,Gulvin,agulvin3p@prnewswire.com,01GWGRD0C4D6QFAD80E75AWEJ7,2022-09-02,6200
Abagael,Pirnie,apirnie3q@posterous.com,01GWGRD0C71TM0A68HMVDE2Z0V,2022-03-27,6300
Alanah,Geare,ageare3r@spiegel.de,01GWGRD0CB4PHAY9KSSDQMAM6A,2022-02-02,5300
Andris,Bretton,abretton3s@dropbox.com,01GWGRD0CD1MME1Y3DZJMZJ4WB,2023-03-05,5300
Carver,Thirlwall,cthirlwall3t@bizjournals.com,01GWGRD0CFK4B2TQP95DZEN8TT,2022-02-28,6100
Dierdre,Corner,dcorner3u@alexa.com,01GWGRD0CH3C3YRTMFTKW3RF0Z,2022-12-26,6700
Janos,Pratte,jpratte3v@wikimedia.org,01GWGRD0CKQ4NYY73FGKFE3JB8,2022-01-06,6500
Bartholemy,Ardling,bardling3w@apple.com,01GWGRD0CN95KXFRE7MCH3Y938,2022-10-13,6600
Roderic,Guilloux,rguilloux3x@skyrock.com,01GWGRD0CQ8H3K66F25RSZ2Y8J,2022-02-10,5000
Franky,Kelly,fkelly3y@cpanel.net,01GWGRD0CS5TDVZK4BFXXSERY1,2022-06-01,6200
Joby,Seeman,jseeman3z@pbs.org,01GWGRD0CVGNT8GSXNFVFSH1T2,2022-02-24,6000
Darryl,Leftly,dleftly40@amazon.co.uk,01GWGRD0CX7A5D3V7GCE3TVSGD,2022-05-16,5500
Maurizio,Dann,mdann41@aboutads.info,01GWGRD0CZEGXDNBGJ4Q1PQD0B,2022-04-20,5500
Timofei,Robelow,trobelow42@over-blog.com,01GWGRD0D1THZHHAKXBKVDT90H,2022-07-12,6400
Ravid,Chitty,rchitty43@odnoklassniki.ru,01GWGRD0D3R3WRKTCBZC2TF6E9,2023-01-17,6300
Ethelbert,Camfield,ecamfield44@1und1.de,01GWGRD0D5HPXAZKVCZF8BGRWJ,2022-01-26,6900
Elsworth,Ghest,eghest45@rakuten.co.jp,01GWGRD0D7HMAQTTRGGQZY2THG,2023-02-12,6700
Russ,Klaggeman,rklaggeman46@linkedin.com,01GWGRD0D92T7594JVNHHB8BE1,2023-02-21,6700
Neddie,Sharpus,nsharpus47@amazon.co.uk,01GWGRD0DDSEAYYRRYPTE34CB4,2022-02-13,5300
Emilie,Dybbe,edybbe48@ameblo.jp,01GWGRD0DF50N0Y8Z7R8VT0CA0,2022-01-16,6300
Thekla,Zupo,tzupo49@xinhuanet.com,01GWGRD0DJQ817CZB7QPRRCM5M,2022-07-20,5700
Abbe,Hundy,ahundy4a@arizona.edu,01GWGRD0DNPE7FMB2ZBZS1V44Y,2023-01-25,5200
Padriac,Blethyn,pblethyn4b@intel.com,01GWGRD0DR6ES2EYQNR2QMG6QK,2023-01-15,6500
Van,Reichartz,vreichartz4c@godaddy.com,01GWGRD0DTG1JQCNHY8SG8ZB7M,2023-02-04,5500
Aldwin,Cammacke,acammacke4d@elpais.com,01GWGRD0DW6FZQ0ATQRJPCNZ0C,2022-07-03,6900
Cassondra,Hamshere,chamshere4e@wp.com,01GWGRD0DZ02FA145R3EHHPKC5,2022-03-23,5400
Bobbie,Harrington,bharrington4f@google.cn,01GWGRD0E16DKV3WXDFW6E0WM6,2022-03-01,5200
Idette,Meneur,imeneur4g@netscape.com,01GWGRD0E20C0HFJ36TK4R7VJN,2022-05-24,5900
Mikaela,Antoniat,mantoniat4h@icio.us,01GWGRD0E53M6315JY7JQKV5R8,2023-01-29,5400
Valentin,Purkess,vpurkess4i@chronoengine.com,01GWGRD0E7VF8BBD8S9D8Y2M8R,2023-01-15,5500
Shea,Vasishchev,svasishchev4j@lycos.com,01GWGRD0ED3YGZV1V2YQD16ZW2,2022-08-21,5300
Berk,Heineking,bheineking4k@typepad.com,01GWGRD0EFM73680C7FBH30ZSE,2022-01-20,6300
Maxine,Burnel,mburnel4l@yandex.ru,01GWGRD0EHSXV46GZ9MJFRH42Y,2022-01-15,6500
Anita,Mate,amate4m@yahoo.co.jp,01GWGRD0EKX5RV4GZQS19QHVYV,2022-04-24,5000
Ninnetta,Ovill,novill4n@answers.com,01GWGRD0EP6H0QWW6Q8TJM5VH3,2022-08-06,5500
Leonie,Quiddihy,lquiddihy4o@globo.com,01GWGRD0ERGPD1TZ69FF0ZFM4R,2022-11-13,6400
Hildagard,Brandom,hbrandom4p@posterous.com,01GWGRD0ET176RM2R7V8AX7CS7,2022-10-16,6400
Shina,Barrington,sbarrington4q@geocities.jp,01GWGRD0EW5Q2HAYXCPNR720XA,2022-05-20,5000
Hale,Carnegy,hcarnegy4r@ustream.tv,01GWGRD0EY6PRTGF8CJ0GAW9MG,2022-08-17,5900
Lowe,Woolmington,lwoolmington4s@timesonline.co.uk,01GWGRD0F0HK6BB5RJ3YGYYVHJ,2022-06-25,6400
Brok,Fabry,bfabry4t@constantcontact.com,01GWGRD0F3M6DS5HSENA2XZ2XS,2022-05-05,5200
Aloisia,Goatman,agoatman4u@cafepress.com,01GWGRD0F5E7R3C0JB1YDRG81T,2022-07-01,6300
Lance,Bubear,lbubear4v@theatlantic.com,01GWGRD0F7CPEMCBMZVZ2WPZT4,2022-04-03,6900
Retha,Scotchmur,rscotchmur4w@nsw.gov.au,01GWGRD0F9ZDTYG4QC0ZQGCRST,2022-06-09,5400
Ursuline,Pencott,upencott4x@drupal.org,01GWGRD0FCD0HK2KH5Z1ZH39B3,2023-03-01,5000
Francyne,Hallin,fhallin4y@prweb.com,01GWGRD0FECYCFX7JSJN4KGCKZ,2022-05-04,6800
Dulcy,St. Quintin,dstquintin4z@oracle.com,01GWGRD0FGY3XRRK2SNNYQW2CQ,2023-02-23,6200
Annetta,de Almeida,adealmeida50@mit.edu,01GWGRD0FJMD63SKQCNSRCF1D6,2022-02-19,5200
Hayley,Traynor,htraynor51@jugem.jp,01GWGRD0FN7T52RVB490TD62DQ,2022-12-03,5600
Walker,Corter,wcorter52@dagondesign.com,01GWGRD0FQ00P5V61SJ2E3W2ZV,2022-01-01,5000
Franklyn,Pawelczyk,fpawelczyk53@imdb.com,01GWGRD0FSNRWD48EYGM8A99RX,2022-05-29,5900
Joella,Pena,jpena54@yahoo.co.jp,01GWGRD0FVHVK2GHSEKFN6VV7K,2022-06-22,6500
Jolie,Russilll,jrussilll55@spiegel.de,01GWGRD0FXQ6392FRTA0H2H1SH,2022-01-10,5700
Bondy,Pedel,bpedel56@moonfruit.com,01GWGRD0G0E5QQN3Q6XABYBYY1,2022-10-06,5900
York,Peile,ypeile57@bloglovin.com,01GWGRD0G2CWDM9CEYGY9WSHD7,2022-01-23,5300
Bel,Widdows,bwiddows58@blog.com,01GWGRD0G4D21Y8RGFNGG6WE9A,2022-08-23,5500
Giacobo,Millican,gmillican59@tinypic.com,01GWGRD0G6D6577WR362E2E1FN,2022-04-19,5500
Peria,Hughson,phughson5a@reddit.com,01GWGRD0G9PBYZMXEYTC19EYJP,2022-01-28,6600
Kaile,Berget,kberget5b@acquirethisname.com,01GWGRD0GBJ9VJZDMVSXB0TSN6,2022-02-24,5300
Fancie,Bate,fbate5c@amazon.co.uk,01GWGRD0GDQDZKSW1WV7KNXZE9,2022-03-27,6300
Dawna,Tangye,dtangye5d@newyorker.com,01GWGRD0GFKF4M35XNBMT8EHFZ,2023-01-05,6900
Danice,Luigi,dluigi5e@icq.com,01GWGRD0GJBRGE0M51EQAEN0SQ,2022-05-23,5000
Elmo,Wylie,ewylie5f@discovery.com,01GWGRD0GMXR284TCYS59CK4PQ,2022-09-08,6800
Wyatt,Davitti,wdavitti5g@ebay.com,01GWGRD0GPEV1BSMNSFWESNNWM,2023-02-04,6900
Ophelia,Vine,ovine5h@sohu.com,01GWGRD0GRSM16DX27PFBETNYC,2022-11-13,5400
Niel,Stummeyer,nstummeyer5i@epa.gov,01GWGRD0GVJH8BVHQJWMCH43EZ,2022-05-26,6200
Emmalynne,Mallock,emallock5j@opensource.org,01GWGRD0GXN7PM3HSE0FF1GHTB,2022-08-26,5500
Billy,Fordyce,bfordyce5k@skype.com,01GWGRD0GZ1MVQ7B68PG51ZA99,2022-12-09,5800
Arliene,Culshew,aculshew5l@live.com,01GWGRD0H1Y6R1P8VKE63JVKW1,2022-08-20,5000
Carroll,De Ortega,cdeortega5m@gnu.org,01GWGRD0H4H0VSQWFAPZPE5JKT,2022-11-25,6700
Eberhard,Aksell,eaksell5n@vk.com,01GWGRD0H6DX6F0V7GWRP15HBJ,2022-02-06,5200
Cori,Vosse,cvosse5o@printfriendly.com,01GWGRD0H8GW0GXKWP00CQ9RPW,2023-02-05,6400
Onofredo,Springall,ospringall5p@google.com.au,01GWGRD0HAR841SNH8KQME3KBT,2022-12-04,6500
Jelene,Ruffell,jruffell5q@globo.com,01GWGRD0HDAZGFY3TXYX6P5PYN,2022-11-19,5000
Babb,Pawels,bpawels5r@stanford.edu,01GWGRD0HFK2XS13V9GHNBRQPH,2022-11-07,5700
Sam,Rault,srault5s@comsenz.com,01GWGRD0HHK73W2ZPRR76KF7W9,2023-02-03,5500
Granger,Coffey,gcoffey5t@amazon.com,01GWGRD0HKZC9JHC6X03BSVAZV,2022-12-12,6100
Tessi,Ibel,tibel5u@nytimes.com,01GWGRD0HPNX48H7WTKJGKTHYJ,2022-10-09,5900
Husein,Pagett,hpagett5v@pinterest.com,01GWGRD0HRGXE3AN5YVG9DMB7G,2023-02-05,5100
Cassey,Derges,cderges5w@chron.com,01GWGRD0HTSN2ME3GAAQ0SACMM,2022-02-26,6100
Beryle,Burbage,bburbage5x@berkeley.edu,01GWGRD0HWQA9TWHMH0E6F7M4Z,2022-09-27,6000
Roselia,Skoggings,rskoggings5y@apple.com,01GWGRD0HZ7GXSMD5939WTTG78,2022-07-15,6800
Dorotea,Lampett,dlampett5z@unicef.org,01GWGRD0J1F7FJ2GFA0RNBB05C,2022-10-29,5500
Joelie,Ousby,jousby60@sbwire.com,01GWGRD0J37BGZ7F8YVB19T8CP,2022-07-05,6100
Marylin,Thresh,mthresh61@sohu.com,01GWGRD0J5YTQS8ZS7W853FQBG,2023-02-01,5600
Isabeau,Cayser,icayser62@hhs.gov,01GWGRD0J8W68HRA5E6H5GQTHX,2023-02-26,5100
Barny,Achurch,bachurch63@eepurl.com,01GWGRD0JARBMDFHWWDTMTKNH8,2022-01-15,6100
Susan,Polycote,spolycote64@i2i.jp,01GWGRD0JCS9741JYBEYM7EGBF,2022-07-22,5600
Karlyn,Clotworthy,kclotworthy65@wordpress.com,01GWGRD0JE59WBVGTKT45BA3XJ,2022-12-25,6800
Wendy,Drewet,wdrewet66@a8.net,01GWGRD0JHKENFPM37C5TVF7QM,2022-12-23,6000
Kenna,Henken,khenken67@usda.gov,01GWGRD0JKN64XAG8YSZK8DPNN,2023-03-12,6100
Cinda,Moulton,cmoulton68@engadget.com,01GWGRD0JPZ3T3GS29Z6RAW5JS,2022-05-29,6300
Arman,Reightley,areightley69@java.com,01GWGRD0JR8ZCPNW05VE61WM9B,2022-06-22,6500
Sophia,Semarke,ssemarke6a@amazon.co.jp,01GWGRD0JTVTTH9YAWZ6YY4RP6,2023-02-24,6800
Ransell,Rolfo,rrolfo6b@addtoany.com,01GWGRD0JXG6ESGW66MW67VQD5,2023-03-24,6500
Kania,Kaspar,kkaspar6c@tripod.com,01GWGRD0JZBBG0FZ61NWGCBQFJ,2022-06-10,6700
Kanya,Powdrill,kpowdrill6d@google.co.jp,01GWGRD0K1STACAX4PNPZDZJS6,2022-10-15,5300
Lynette,Macauley,lmacauley6e@soup.io,01GWGRD0K4S63SEKGE7M699FTE,2022-03-11,6200
Barclay,Sterke,bsterke6f@devhub.com,01GWGRD0K6AQVVW4CEND70PRM4,2022-02-08,5600
Lianne,Dawidowsky,ldawidowsky6g@goo.gl,01GWGRD0K8M13DGP82FZQKW68Q,2023-02-10,5300
Clementia,Matskevich,cmatskevich6h@goo.gl,01GWGRD0KANHWF62810B5VJ6HT,2022-01-11,5800
Ingunna,Sancho,isancho6i@psu.edu,01GWGRD0M802FP8VSS22XYMQR9,2022-12-30,5000
Silvanus,Izachik,sizachik6j@china.com.cn,01GWGRD0MA6KTMMBWXQY1H6GEX,2022-08-01,6400
Faun,Rozzier,frozzier6k@arizona.edu,01GWGRD0MDEWPWGCHH2CRDP936,2022-01-26,5900
Ester,Gerssam,egerssam6l@icio.us,01GWGRD0MFRWFCZ7FANKJTVMRN,2022-06-13,6200
Burk,Parmenter,bparmenter6m@constantcontact.com,01GWGRD0MH268AY1EXKZB0Q871,2022-08-28,6800
Meg,Jinkins,mjinkins6n@soundcloud.com,01GWGRD0MMA9B3VBNM9VMW3KAV,2022-04-02,5400
Boniface,Hollington,bhollington6o@liveinternet.ru,01GWGRD0MPH79TVB6AQSC37JWF,2022-04-28,6400
Adara,Tuckwell,atuckwell6p@phoca.cz,01GWGRD0MSWNC612RYEHQ2RJ08,2023-03-23,5900
Gunner,Blanket,gblanket6q@wiley.com,01GWGRD0MVX395TBKF9VND9B8J,2022-08-03,5800
Dorolisa,Forrester,dforrester6r@usda.gov,01GWGRD0MXYKWCYX0W1KCB8P0K,2022-07-28,5500
Samson,Crosswaite,scrosswaite6s@usatoday.com,01GWGRD0N0F9S8BJZFB6FJNZ95,2022-06-07,6000
Suzanne,Dronsfield,sdronsfield6t@redcross.org,01GWGRD0N2DZ24AJZ1CYEZTQ0S,2023-02-23,5200
Peirce,Scase,pscase6u@umich.edu,01GWGRD0N4ETDHASGYDWNF4J6B,2022-12-20,5200
Rahel,Nathan,rnathan6v@google.es,01GWGRD0N7FPCRK71QH3GTV2JR,2022-09-17,6600
Care,Micallef,cmicallef6w@nyu.edu,01GWGRD0N96FMRYSTPV1JJS82W,2022-03-02,5400
Brock,Coweuppe,bcoweuppe6x@seattletimes.com,01GWGRD0NBHNK0G6TX7W0521EC,2023-02-18,6100
Ilise,Murie,imurie6y@hibu.com,01GWGRD0NEPAYBKCDWCHZM4EWV,2022-06-10,6200
Vin,Raden,vraden6z@desdev.cn,01GWGRD0NGAFS2EG364G58DV8S,2022-09-13,6000
Sterling,Scorrer,sscorrer70@paginegialle.it,01GWGRD0NJFGC6ZBZVADHWFMDC,2022-09-04,5800
Ky,Lochhead,klochhead71@rakuten.co.jp,01GWGRD0NN1Q6KYMKEQZXZW9W5,2022-04-23,5000
Mordy,Kummerlowe,mkummerlowe72@networksolutions.com,01GWGRD0NQ3BTEMF0DJ9Q2W1TS,2022-12-13,5600
Hubie,Yetman,hyetman73@ted.com,01GWGRD0NTPT6SHMN8WB11TS33,2022-06-09,7000
Deborah,Annett,dannett74@reuters.com,01GWGRD0NWTXE6Q1JZ43HV2YKC,2022-09-06,5400
Johnnie,Byrde,jbyrde75@shop-pro.jp,01GWGRD0NYTF75CKJ4PT2K0GSJ,2023-03-25,5200
Bastian,Burges,bburges76@xinhuanet.com,01GWGRD0P0JADBT2ZX8C2W41WJ,2022-09-22,5400
Sheela,Montel,smontel77@4shared.com,01GWGRD0P3DKA7JT0J6DRNBB37,2022-04-12,5700
Skip,Dunkirk,sdunkirk78@abc.net.au,01GWGRD0P53Z4BMGSDTXY5GVW7,2023-02-10,7000
Daune,Dumphreys,ddumphreys79@last.fm,01GWGRD0P700T0ED373NDBM3JQ,2022-12-21,6200
Shelli,Pray,spray7a@goodreads.com,01GWGRD0PAPMP8MFPRVQ3RAXR8,2023-01-16,6000
Fonzie,Hewins,fhewins7b@123-reg.co.uk,01GWGRD0PCQEVZH66MDQJ2H7GJ,2022-12-25,5500
Trefor,Gartery,tgartery7c@phoca.cz,01GWGRD0PEREDZSC54AE6VCM1H,2022-10-13,6300
Seka,Hedgeley,shedgeley7d@domainmarket.com,01GWGRD0PH7WN8FQ3CK9N4KRD8,2022-04-01,6900
Even,Eastment,eeastment7e@webnode.com,01GWGRD0PKG2MEZK3T6BA8HKFX,2022-08-30,5600
Karl,Fowells,kfowells7f@51.la,01GWGRD0PP9SCJEK5S0WHH47XY,2022-03-28,5200
Silvester,Leddy,sleddy7g@e-recht24.de,01GWGRD0PRD9WGSPWF34Q6FHFM,2023-02-07,5900
Aube,Welband,awelband7h@posterous.com,01GWGRD0PTRTSXYEGDJNA7GTS4,2022-07-29,6700
Ewan,Buckthought,ebuckthought7i@hostgator.com,01GWGRD0PXS04GBJ540BKS5646,2022-12-30,6300
Elyse,Posen,eposen7j@kickstarter.com,01GWGRD0PZGV501BPHCZHJ5KJP,2022-01-08,6000
Selig,Sancraft,ssancraft7k@4shared.com,01GWGRD0Q1HBT85NDAAQ8JSMA0,2023-02-09,6900
Seumas,Weatherburn,sweatherburn7l@ehow.com,01GWGRD0Q4FG8KWQ7VCD6YW781,2022-10-07,5400
Liva,Breward,lbreward7m@nasa.gov,01GWGRD0Q6FGBF66P4FQH55HP6,2023-02-04,5200
Odetta,Pendrick,opendrick7n@blogspot.com,01GWGRD0Q82ZWTJCQKHGHAVX5R,2022-04-11,7000
Barbey,Shattock,bshattock7o@de.vu,01GWGRD0QBZMD1FR27DBCN30P8,2022-07-26,6000
Coletta,Henfre,chenfre7p@squidoo.com,01GWGRD0QD3NYCKM8R2F3S2KKB,2022-07-14,6900
Kari,Chattell,kchattell7q@umn.edu,01GWGRD0QGDR7JMSH670WF2TEB,2022-09-17,6700
Carry,Rubinshtein,crubinshtein7r@bizjournals.com,01GWGRD0QJX6JBP5G2R9Q45KNP,2022-03-23,6900
Yoshi,Fick,yfick7s@qq.com,01GWGRD0QM46FXYMBF70PKDG6H,2022-11-23,7000
Benoit,Willimont,bwillimont7t@google.pl,01GWGRD0QPC3JNRGH4CW29BXGN,2022-09-30,6600
Ellswerth,Carvell,ecarvell7u@latimes.com,01GWGRD0QSNZKHYPGWZ0JF1HB5,2022-12-11,5500
Leesa,Basilone,lbasilone7v@mapy.cz,01GWGRD0QVPEKF7TAF5HDPJK09,2022-03-19,6200
Alaine,Bulger,abulger7w@paginegialle.it,01GWGRD0QY5B4GPYH55C2ANS53,2022-04-21,6900
Lowrance,Prestage,lprestage7x@prnewswire.com,01GWGRD0R0JY1ZPRXVHRBMQK6M,2022-01-05,6800
Cristina,Praundlin,cpraundlin7y@blog.com,01GWGRD0R2VGFYC2X73YZ9GVWA,2022-11-13,5000
Timotheus,Cyster,tcyster7z@t.co,01GWGRD0R5QMHBTRT3Y32NHQVX,2022-10-28,6400
Samantha,Ivatt,sivatt80@gmpg.org,01GWGRD0R7T4REZ9W92GEMX7TX,2022-02-08,6200
Scarface,Wixey,swixey81@nydailynews.com,01GWGRD0R9JF0HHQVM8FBC4DZB,2022-01-15,6100
Rose,Carrigan,rcarrigan82@state.tx.us,01GWGRD0RC69T6V1EBA9WD7GP8,2022-11-19,6500
Vittoria,Sieve,vsieve83@guardian.co.uk,01GWGRD0RE3ZQT4TF4B919E8K0,2022-04-10,5400
Neville,Pasfield,npasfield84@sphinn.com,01GWGRD0RHHA52Q7P92496SGBB,2023-01-02,6600
Friedrick,Prescote,fprescote85@loc.gov,01GWGRD0RK2WZ1M56Z6XQEVJJC,2022-02-17,6100
Gottfried,Cannop,gcannop86@studiopress.com,01GWGRD0RPCCMMYND8XNVYV2R4,2022-09-12,5500
Madel,Piser,mpiser87@indiatimes.com,01GWGRD0RRQE8VQZD3XHWS0SRZ,2023-02-16,6100
Grier,Coare,gcoare88@yolasite.com,01GWGRD0RTD8GWTHRG0B7CM60V,2022-09-17,6200
Zorina,Detheridge,zdetheridge89@ibm.com,01GWGRD0RWXKM6WBE5FP4D0182,2022-12-05,6000
Korry,Peace,kpeace8a@vk.com,01GWGRD0RZK15NTJ90K2X2DS22,2023-03-18,5100
Adolphe,Lambshine,alambshine8b@ocn.ne.jp,01GWGRD0S1J1NPPCETXDX9TSEQ,2022-01-16,5400
Rania,Brady,rbrady8c@howstuffworks.com,01GWGRD0S4909H22KJX5KARJ3Z,2022-06-25,6900
Coop,Cargen,ccargen8d@europa.eu,01GWGRD0S6BV70GKZ1NTEFSEMZ,2022-05-26,5100
Jamill,Rottger,jrottger8e@squarespace.com,01GWGRD0S94JZFM0JNPS0M14D9,2022-07-01,5100
Dyana,Barthelemy,dbarthelemy8f@macromedia.com,01GWGRD0SBB1X3PV47JF3JBV49,2022-03-12,5800
Adrian,Noakes,anoakes8g@chronoengine.com,01GWGRD0SDWD2TJT1AKA9A5TGB,2022-07-16,5900
Cyrille,Cullinane,ccullinane8h@comcast.net,01GWGRD0SGMZ71XG5JD5A92CX4,2022-11-12,6600
Halsy,Heifer,hheifer8i@lulu.com,01GWGRD0SJJESFF4JMB6Z7R1DP,2022-02-25,6700
Artemus,Caldecott,acaldecott8j@apache.org,01GWGRD0SM7W2ZFXS72K0E082Z,2022-10-19,6500
Johnette,Tweed,jtweed8k@over-blog.com,01GWGRD0SQKAT3G2BWKRVGDX98,2022-12-06,5800
Adaline,Bust,abust8l@paginegialle.it,01GWGRD0SSMYZ50XDSG5F79ABT,2022-07-09,5700
Christi,Crenshaw,ccrenshaw8m@comcast.net,01GWGRD0SVS127NB9GR43VW81W,2022-12-16,6400
Jessika,Foch,jfoch8n@yahoo.co.jp,01GWGRD0SYEQSXRAA52CRXM63F,2022-01-15,5300
Jodee,Baldrick,jbaldrick8o@mashable.com,01GWGRD0T0VCAN68HB81HWT7BQ,2022-10-27,5200
Bert,Gallaway,bgallaway8p@surveymonkey.com,01GWGRD0T3B898AQ6VPQD0CT62,2023-01-19,5900
Megan,Cranke,mcranke8q@ted.com,01GWGRD0T5FFCS32M5198P371C,2022-04-06,6400
Lacee,Seeman,lseeman8r@acquirethisname.com,01GWGRD0T7KE07CC7AD60HQGQ5,2023-03-09,5300
Marti,Waddams,mwaddams8s@cnbc.com,01GWGRD0TASW58BD9KRPBDZH14,2022-10-07,5200
Kareem,Jelfs,kjelfs8t@diigo.com,01GWGRD0TCF1GG66EQC6SK6WQ4,2022-04-24,6500
Felicdad,Mackro,fmackro8u@google.nl,01GWGRD0TEK73QTHEV0RE6KA9H,2022-02-21,6200
Dody,Rosle,drosle8v@reddit.com,01GWGRD0TH2C3TNW7DE8SJN0F6,2022-09-26,5100
Alyss,Peskett,apeskett8w@is.gd,01GWGRD0TK9AJS87BCFV6J8RDX,2022-09-16,6000
Beckie,Jack,bjack8x@google.com,01GWGRD0TNXFEW44G370T448QM,2022-09-11,5200
Gorden,Khotler,gkhotler8y@bloglines.com,01GWGRD0TR0VWYTYBA9YJX2Y93,2023-01-12,5700
Elfie,Aindriu,eaindriu8z@weibo.com,01GWGRD0TTRQ6K4EP2D3GCJWYY,2022-01-19,6900
Tani,Allitt,tallitt90@typepad.com,01GWGRD0TXZ4REF6AJV4SDX3HG,2022-07-20,6800
Nataline,Radcliffe,nradcliffe91@tuttocitta.it,01GWGRD0TZTE61F14GCYP0AGDG,2022-04-14,5600
Darren,Shubotham,dshubotham92@themeforest.net,01GWGRD0V1YC3RE1Y6BAZK3JQN,2022-06-11,6000
Fern,Bigmore,fbigmore93@intel.com,01GWGRD0V486FZVGER3EW3TDTT,2022-02-08,5500
Feodor,Jacquemard,fjacquemard94@bluehost.com,01GWGRD0V6Q4Z1CXB3HDRP9DHP,2022-08-29,6900
Caz,Seers,cseers95@ehow.com,01GWGRD0V8HFMMBQXQDGJSM68G,2023-03-17,6700
Darsey,Skates,dskates96@google.co.uk,01GWGRD0VBTTZ8VR9W91WCPR6X,2022-02-23,6700
Elfrieda,Pablo,epablo97@chronoengine.com,01GWGRD0VD1QJA8M4X2R39KMB8,2023-03-05,5300
Devi,Fabri,dfabri98@forbes.com,01GWGRD0VF12NWJB7952Q980QD,2022-06-20,6300
Catha,Pockey,cpockey99@odnoklassniki.ru,01GWGRD0VJ2EWP6WW2E5F3AZWD,2022-12-08,5600
Augustine,Randall,arandall9a@artisteer.com,01GWGRD0VM04RWXTTFHRQC11AV,2022-09-05,6200
Vita,McCandless,vmccandless9b@adobe.com,01GWGRD0VQBAJ1GKDWRKCARE3R,2022-05-31,5900
Lora,Ferriere,lferriere9c@whitehouse.gov,01GWGRD0VSPBV9B926VXTT4NP6,2022-07-26,5900
Hall,Lescop,hlescop9d@bbb.org,01GWGRD0VV54KGE74E5DR1Q4AY,2022-02-25,6100
Robers,Bravey,rbravey9e@meetup.com,01GWGRD0VYZ5VSHYK4N0AW6JFX,2022-01-17,6200
Cassandre,MacGahey,cmacgahey9f@chron.com,01GWGRD0W03Y4J52FWDJ6H0303,2022-03-02,6100
Rafaello,Casbolt,rcasbolt9g@cnbc.com,01GWGRD0W33F1F7WE9CQ45EBFH,2022-09-28,6100
Huntley,Cuseck,hcuseck9h@newyorker.com,01GWGRD0W69F2G0MVD1826JDPW,2022-09-16,6900
Arlen,Dursley,adursley9i@de.vu,01GWGRD0W89DVR1HD4JN4V3T37,2023-02-08,5700
Eleni,Hummerston,ehummerston9j@discuz.net,01GWGRD0WA7ZGK5HVGF5ERR8N8,2023-02-16,6900
Lelia,Huot,lhuot9k@csmonitor.com,01GWGRD0WDA9CXYRZ96SB1RCAF,2022-01-03,5300
Noe,Kettridge,nkettridge9l@bloglines.com,01GWGRD0WFT8D2FGCJ0H80RESN,2022-04-27,5300
Conant,Humphrys,chumphrys9m@cocolog-nifty.com,01GWGRD0WH3WE8NSMC4TY2M17M,2022-01-14,5700
Kathye,Itzchaki,kitzchaki9n@ifeng.com,01GWGRD0WKCWYN2NC3FXJVNPH3,2023-01-31,6700
Elayne,New,enew9o@biglobe.ne.jp,01GWGRD0WPMPAC8NRX8QCNKTZ4,2022-09-22,6400
Nickola,Oxton,noxton9p@sciencedirect.com,01GWGRD0WRFDBP93MM9HVYNV63,2022-12-11,5200
Krispin,McGaugey,kmcgaugey9q@scientificamerican.com,01GWGRD0WT48PMEV3B8F5FW5VD,2022-05-10,6900
Marilee,Trask,mtrask9r@shop-pro.jp,01GWGRD0WWTK319VZKPKN57QTV,2022-06-07,5500
Eb,Mars,emars9s@jalbum.net,01GWGRD0WZPM4BVW12F9QCQBT5,2022-01-29,6100
Lesley,Jaouen,ljaouen9t@timesonline.co.uk,01GWGRD0X1R69ZF0Y2Y5QY4H9H,2022-04-08,6100
Roxy,Cobley,rcobley9u@telegraph.co.uk,01GWGRD0X35ZP60CZPDCZDXXVR,2022-05-06,5400
Lothario,Crewther,lcrewther9v@joomla.org,01GWGRD0X6A0Z8WMB2D8SYH471,2022-09-11,5600
Lelah,Bricksey,lbricksey9w@dot.gov,01GWGRD0X8DGP9J3VJJRKE4S6J,2022-10-24,5400
Terrill,de Amaya,tdeamaya9x@instagram.com,01GWGRD0XCGXT76571CE4Y8DMH,2022-02-24,6700
Erminia,Hannaway,ehannaway9y@sun.com,01GWGRD0XEE81NXB6YG78N8J8K,2022-01-24,5600
Cristi,Millions,cmillions9z@chron.com,01GWGRD0XJRFVXZ3EB7VACSJN9,2022-03-07,5600
Miran,Spours,mspoursa0@hatena.ne.jp,01GWGRD0XMTN5ADMNSBMBJHF11,2022-04-13,5400
Rogerio,Joannet,rjoanneta1@facebook.com,01GWGRD0XRS2E49RS32X8Y7QAX,2022-08-16,6300
Dorie,McSwan,dmcswana2@salon.com,01GWGRD0XT8FN7AR46B3FJA43C,2022-02-23,5000
Fallon,Allkins,fallkinsa3@nba.com,01GWGRD0XXHR20R34EYE9GGYNE,2023-02-05,6700
Ursola,Bench,ubencha4@virginia.edu,01GWGRD0Y0P15ARBXNJBPXJKYN,2022-10-07,5600
Salaidh,Pays,spaysa5@eventbrite.com,01GWGRD0Y2V2Q65M7Y534W47JF,2022-05-19,6500
Robbie,Dunham,rdunhama6@tumblr.com,01GWGRD0Y6RVX0827232QZ4X11,2022-06-26,6100
Fanya,Ravenscroftt,fravenscroftta7@ted.com,01GWGRD0Y8JZM9C4ZF93WKHG3G,2022-04-18,6600
Doretta,O'Halligan,dohalligana8@soundcloud.com,01GWGRD0YBQ8C74X0XMEE7TJ2F,2022-03-03,5600
Stefania,Kloser,sklosera9@ucoz.com,01GWGRD0YDNFEQS5YS46WS60HN,2022-03-12,5200
Bobbi,Dawbery,bdawberyaa@wikimedia.org,01GWGRD0YGN23591RZKKMFG85G,2023-01-16,7000
Hershel,Fitzhenry,hfitzhenryab@va.gov,01GWGRD0YJ4688TJ6QRQ6S7SCZ,2022-06-06,6700
Washington,Inchcomb,winchcombac@indiegogo.com,01GWGRD0YMVE6M7828AGJ3VPJ9,2022-12-12,5100
Hilliary,Philippeaux,hphilippeauxad@purevolume.com,01GWGRD0YP2VA88WF1X0V1G0B9,2022-12-04,5500
Aldridge,Leonards,aleonardsae@hc360.com,01GWGRD0YSZV5D49B6V0SRYN63,2022-02-26,5000
Vinny,Rigge,vriggeaf@wired.com,01GWGRD0YVM0PQD32CE7YC1W1B,2023-02-09,5800
Vittoria,Lathwell,vlathwellag@bloomberg.com,01GWGRD0YX17HWD8E4W51HETF3,2022-09-06,5900
Bird,Danet,bdanetah@adobe.com,01GWGRD0YZDQWW52T5QE6GJWSK,2022-05-03,6300
Halsy,Roache,hroacheai@stumbleupon.com,01GWGRD0Z2XXR38FCD1FQ57PK3,2022-06-03,6900
Garfield,Keaveny,gkeavenyaj@typepad.com,01GWGRD0Z4KGKQR9QGX17WJZQ2,2022-10-22,5600
Ram,Meadowcroft,rmeadowcroftak@tumblr.com,01GWGRD0Z77VGXE6GVPTYKHFPD,2022-12-29,6300
Marlene,Tire,mtireal@unc.edu,01GWGRD0Z913QYEMZKYEFWYREP,2022-10-10,5900
Krissy,Gartsyde,kgartsydeam@psu.edu,01GWGRD0ZCFDRB6FE63A2C543K,2022-06-08,7000
Theresina,Bryce,tbrycean@chicagotribune.com,01GWGRD0ZEDAFX2352KGBT6EZE,2022-11-16,5400
Brose,Hernik,bhernikao@hugedomains.com,01GWGRD0ZG60HQCEK3H8YP7GSS,2022-06-09,5000
Ingar,Loreit,iloreitap@sitemeter.com,01GWGRD0ZJ3AP1VXQKEPNE18CP,2022-10-13,6500
Aidan,Prier,aprieraq@spotify.com,01GWGRD0ZN7MYBPJRGPZSM4535,2022-06-17,6800
Wendell,Piner,wpinerar@tinypic.com,01GWGRD0ZQ359HZT3T93R0DSJ2,2022-08-14,6800
Aarika,Mitkin,amitkinas@state.gov,01GWGRD0ZTA22BM79PEYZ63CQG,2023-02-21,5500
Liuka,McLaren,lmclarenat@noaa.gov,01GWGRD0ZWRYZXETWZ22S62F1Q,2023-01-23,6100
Jocelyne,Lacer,jlacerau@geocities.com,01GWGRD1001A8AEMS3TQSHW8VC,2023-02-21,5500
Caesar,Hatchell,chatchellav@myspace.com,01GWGRD10262N70PXBFG45JCEG,2023-01-02,5100
Phaidra,Sawley,psawleyaw@printfriendly.com,01GWGRD105P5Z0MS40ZP3G7P4S,2022-04-20,5000
Ly,Mungan,lmunganax@princeton.edu,01GWGRD107QP8G3ZY55Z03RTV8,2022-06-11,6400
Haley,Soigne,hsoigneay@github.com,01GWGRD10A0CDVEZYMEG7K2ST5,2022-01-19,6000
Delphine,Foulstone,dfoulstoneaz@i2i.jp,01GWGRD10CEAAJ4DVWSW1XQP0B,2023-02-16,5400
Garold,Lowle,glowleb0@angelfire.com,01GWGRD10F8JX1Z2Z13RRB5WDN,2022-07-04,6900
Felix,Constantine,fconstantineb1@google.de,01GWGRD10HW61FS1WPVBMCJGVY,2022-11-08,5800
Dallis,Managh,dmanaghb2@bizjournals.com,01GWGRD10MYJCM4N5CVA6MHWXZ,2022-02-10,6000
Etti,Bartzen,ebartzenb3@unesco.org,01GWGRD10P1H8GS6KNGSN8723Z,2023-03-21,5100
Chip,Victory,cvictoryb4@chicagotribune.com,01GWGRD10T7MCW9VGTFFKB5CDG,2022-07-21,6500
Sheree,Cundy,scundyb5@networkadvertising.org,01GWGRD10WPA1JQ78Y232N9465,2022-10-25,6200
Gabriela,Capin,gcapinb6@youtu.be,01GWGRD10Z79AFA99FM27PKJVP,2022-10-18,5200
Alix,Caustic,acausticb7@studiopress.com,01GWGRD111CSWPFK0EC1BN8GA4,2022-01-10,7000
Shela,Kimble,skimbleb8@simplemachines.org,01GWGRD114B2BRGG0MNGZ55RZA,2022-04-02,6200
Hobart,Mateos,hmateosb9@hhs.gov,01GWGRD1160DDA87A47CZ4VJV5,2022-04-29,6100
Kellina,Mallan,kmallanba@chicagotribune.com,01GWGRD119RQ61C3VMGEVB5NS1,2023-02-08,6400
Brendin,Lisimore,blisimorebb@w3.org,01GWGRD11BTX4WCF8EEZN569C3,2023-01-20,6200
Alisha,Jehu,ajehubc@acquirethisname.com,01GWGRD11D239R277YW0KHJKDW,2022-08-21,5100
Malinda,Cornew,mcornewbd@meetup.com,01GWGRD11FAW3EADBZ7P4SS80N,2022-05-07,5700
Ramonda,Schutte,rschuttebe@newyorker.com,01GWGRD11JHP3TMCE0EKQK5X58,2022-02-10,6500
Darryl,Hollyland,dhollylandbf@sciencedirect.com,01GWGRD11MBG5MCM851CP00CVT,2023-02-18,6000
Wynn,Airth,wairthbg@list-manage.com,01GWGRD11QJ9Z065V673FQJEVX,2022-05-16,6800
Myrna,Shiers,mshiersbh@accuweather.com,01GWGRD11SQA782H9HH46WQ4TJ,2022-12-18,6400
Lida,Mebius,lmebiusbi@fda.gov,01GWGRD11V94FXP8YANSE7A9R0,2022-10-05,6000
Diann,Leggott,dleggottbj@state.gov,01GWGRD11YB1JX9787K1RFEM83,2022-12-30,6000
Florida,Lamonby,flamonbybk@msu.edu,01GWGRD120JRV7GKKQVPGA4V8Z,2022-08-06,6300
Gaye,Toby,gtobybl@pinterest.com,01GWGRD122QPSBTZM2054AT9CV,2022-11-18,6300
Staford,Pratten,sprattenbm@aboutads.info,01GWGRD1242K88HZTQW3YXD9YA,2022-10-30,7000
Emmi,Rops,eropsbn@imgur.com,01GWGRD127JA551BVJ9RF70989,2022-01-21,6400
Flori,Fidal,ffidalbo@answers.com,01GWGRD129CQJ0B0H2WKG90MJ6,2023-01-05,5600
Marlene,Kilgannon,mkilgannonbp@goo.ne.jp,01GWGRD12ETY01HA2BDKNKX2SC,2023-01-09,6100
Yule,Jumont,yjumontbq@howstuffworks.com,01GWGRD12G09HYRD1YD1C94QGX,2022-10-10,5600
Honor,Bulford,hbulfordbr@nasa.gov,01GWGRD12KGRZ442Q7VXQSQA7D,2022-04-14,8300
Lilas,Caldow,lcaldowbs@seattletimes.com,01GWGRD12ND4NCB4FC3RBNTV1D,2022-06-19,6900
Amelina,Syres,asyresbt@addthis.com,01GWGRD12T1T240MN1R1BARPTB,2022-02-13,7600
Waldo,Dederich,wdederichbu@youtu.be,01GWGRD12WBYVFT66W7CK83MKA,2022-11-24,6900
Tim,Linnock,tlinnockbv@indiegogo.com,01GWGRD1316DWKD8Y3QBWHPDKH,2022-05-13,7000
Fayth,Whitty,fwhittybw@sphinn.com,01GWGRD1333JQBQ104Y7Q8RP0D,2022-05-19,8500
Caril,Rudinger,crudingerbx@facebook.com,01GWGRD1388G12YQEPWFC6HN4X,2022-05-26,7900
Yoshiko,Sango,ysangoby@cpanel.net,01GWGRD13AZRTTF232DZB7Y1AC,2022-06-14,8300
Courtnay,Daughtery,cdaughterybz@ustream.tv,01GWGRD13EZ3XNNZ36BM5WRG1M,2022-03-04,7700
Dasya,McAvey,dmcaveyc0@jigsy.com,01GWGRD13G3JWVVWV72709M49C,2022-03-12,6900
Skippy,Housbey,shousbeyc1@instagram.com,01GWGRD13KR2EQ5PRHXXA8JQXN,2022-03-03,8900
Gloriana,Fullick,gfullickc2@wix.com,01GWGRD13N3ZYQMTG386BAXPRR,2022-01-21,8800
Allard,Eite,aeitec3@mediafire.com,01GWGRD13Q82XZ003XHH5RH2HT,2022-12-22,6600
Shirl,Fist,sfistc4@twitter.com,01GWGRD13SNS3X9KWERH99TE57,2023-03-23,9000
Konstantine,Ghilardi,kghilardic5@google.de,01GWGRD13V3P1E3J69C0MGJMG2,2022-06-07,6600
Teriann,Halsey,thalseyc6@slideshare.net,01GWGRD13XCWDCC56TTBYZN27K,2022-02-23,5500
Stacee,Rimmington,srimmingtonc7@npr.org,01GWGRD13ZHH20HT53DQ2SA83W,2022-09-07,7300
Germaine,Outlaw,goutlawc8@cnn.com,01GWGRD141ERNNPZK2SVC7FMWE,2022-08-06,6200
Emmye,Elvey,eelveyc9@slideshare.net,01GWGRD1430AS1T800G8AA6BFW,2022-07-23,7100
Cosetta,Spensley,cspensleyca@unesco.org,01GWGRD1455G5EZF2JHB6R1D95,2022-02-04,9900
Estelle,Weekes,eweekescb@e-recht24.de,01GWGRD1479J134XKZARY3AFJ9,2022-03-31,5100
Morgen,Pelzer,mpelzercc@prlog.org,01GWGRD1497CM4XDJBZTYFJ6CT,2023-01-11,5500
Jonas,Battin,jbattincd@t-online.de,01GWGRD14B8KA6AY73XRYX08D1,2023-02-17,8800
Modesta,Shellsheere,mshellsheerece@wikia.com,01GWGRD14DFBSDD1WZA1YF6JD1,2022-09-03,5300
Caty,Fowls,cfowlscf@cmu.edu,01GWGRD14FVWWDCA7W557GB01W,2022-02-21,7300
Roanne,Holton,rholtoncg@ftc.gov,01GWGRD14JDN04KM50ZZGM6V9Y,2022-05-18,8400
Fergus,Tester,ftesterch@nymag.com,01GWGRD14M5KYDXJ1ZS5NNPA2V,2022-06-14,5600
Aleksandr,Monckton,amoncktonci@nifty.com,01GWGRD14QJ4TZ5PSA3MG96KPM,2022-07-28,8100
Verne,Burwin,vburwincj@ustream.tv,01GWGRD14SD30DNNCG633MWRW7,2022-02-18,7100
Wallie,Morilla,wmorillack@google.fr,01GWGRD14VRHRAPDB3804HN9AQ,2023-03-07,8200
Sheryl,Gairdner,sgairdnercl@e-recht24.de,01GWGRD14XZ7NJHWH3HZ0K7MS5,2022-05-08,6000
Giacomo,Zack,gzackcm@51.la,01GWGRD1503VVN0QFVCQ4GC1K6,2022-07-09,7300
Sasha,Mepsted,smepstedcn@shinystat.com,01GWGRD152J4AGBW5XDM8YCX7T,2022-08-03,5600
Wyatan,Shaplin,wshaplinco@auda.org.au,01GWGRD1540TDPMSVVZWDH5G9G,2022-12-06,5000
Arline,Heinl,aheinlcp@paypal.com,01GWGRD1562WQPAJZQAAYSX335,2022-03-17,9200
Si,Lownie,slowniecq@yelp.com,01GWGRD159EDTSCRQXAYGPB6CW,2023-01-24,5900
Odella,Skule,oskulecr@mozilla.com,01GWGRD15BVFRV96PCNYH9EZ2Q,2022-03-08,8600
Jackie,Poyntz,jpoyntzcs@nsw.gov.au,01GWGRD15D85SR2JJ1XYN8429D,2022-06-26,8900
Deedee,Duhig,dduhigct@bluehost.com,01GWGRD15F9YGG7E84ZAWZFFW6,2023-01-11,5300
Sylas,Clifforth,sclifforthcu@upenn.edu,01GWGRD15HCYEHG05FZ96BJSPK,2022-06-20,5400
Ekaterina,Lamers,elamerscv@angelfire.com,01GWGRD15K0VYF2D9GFCVCEP19,2022-03-24,8600
Loni,Caldron,lcaldroncw@msu.edu,01GWGRD15PKMZ2ZT9KGKNYYTHH,2023-03-04,6000
Dedra,Kleinhandler,dkleinhandlercx@ameblo.jp,01GWGRD15R0TEBYPZXV2WWN512,2022-08-26,9100
Leah,Pilling,lpillingcy@360.cn,01GWGRD15TQ6VB70HYZ3FJ5ER6,2022-02-02,8700
Ebony,Flinders,eflinderscz@gmpg.org,01GWGRD15W9FCH6FM703FDY238,2023-03-18,5100
Barbaraanne,Erickssen,berickssend0@rakuten.co.jp,01GWGRD15Z4V3ZZ4TNPB8ZXHPX,2022-08-15,9400
Yule,Toop,ytoopd1@geocities.com,01GWGRD161GB3TBWZ3XWA5WM84,2022-08-21,9800
Barbey,Caffery,bcafferyd2@privacy.gov.au,01GWGRD163WBW5J0FP49VK32ME,2022-02-28,9200
Dennet,Jeannot,djeannotd3@issuu.com,01GWGRD165H7JNBR83MBFV9ZHH,2022-08-24,9700
Nananne,Nesfield,nnesfieldd4@dell.com,01GWGRD168XKG9ZMSNT41BVRWW,2022-12-28,6600
Sibylla,Fawley,sfawleyd5@fotki.com,01GWGRD16AENM73QQVVMH8ZCRM,2023-01-31,9600
Jarib,Lowden,jlowdend6@bbc.co.uk,01GWGRD16CPX6HJ8PE8DS1EVRB,2022-03-15,8100
Kippie,Davers,kdaversd7@hubpages.com,01GWGRD16E6J9Z860JCCW1KV61,2022-06-08,5600
Tamas,Maseres,tmaseresd8@sitemeter.com,01GWGRD16HX02RJKHEFZ0CYXJS,2022-11-21,6400
Pasquale,Bernardotti,pbernardottid9@facebook.com,01GWGRD16K5W782KJS09HFWYC5,2023-01-03,5400
Helen,Minchell,hminchellda@timesonline.co.uk,01GWGRD16PMYDFAJSKQAXVVRGS,2022-06-27,7800
Randa,Pingstone,rpingstonedb@blogtalkradio.com,01GWGRD16R42W88RS6EKGV8DM3,2022-12-19,7000
Berne,Lowseley,blowseleydc@instagram.com,01GWGRD1B46Y5VPQ44JSZT2N4E,2022-03-10,8700
Walden,Locke,wlockedd@liveinternet.ru,01GWGRD1BN0TN900Z5NW11XJVV,2022-09-24,7500
Otto,Cranstone,ocranstonede@about.me,01GWGRD1BZPS47D6S0Q46K4863,2022-02-24,9200
Angus,Wornum,awornumdf@ameblo.jp,01GWGRD1CB0134SRKXQ1ZD6ZH4,2022-02-03,7100
Wakefield,Broxis,wbroxisdg@europa.eu,01GWGRD1CDRVEGHSQRA49TM85A,2022-04-19,7300
Joellen,Fehely,jfehelydh@addtoany.com,01GWGRD1CGKGS8HVMG0RDC2RWH,2022-10-12,9800
Ronica,Lewtey,rlewteydi@a8.net,01GWGRD1CJFFNTFVYEF9ZW8E4G,2022-10-13,6100
Maureen,Dike,mdikedj@blinklist.com,01GWGRD1CNW33DRFXAY0W51VBJ,2022-11-27,8900
Lovell,Valiant,lvaliantdk@phoca.cz,01GWGRD1CQYFK8TYCN585M952E,2022-08-24,5700
Dori,Whitten,dwhittendl@arizona.edu,01GWGRD1CSNX2BSGDTFMBJ5NC7,2022-06-15,8400
Aleksandr,Brunel,abruneldm@goodreads.com,01GWGRD1CW6Y4P345NA0JN9YBR,2022-12-11,6900
Jobye,Masey,jmaseydn@weather.com,01GWGRD1CYQDC4DFTSC1Q7QQY7,2022-10-29,5400
Anna-diana,Tomankiewicz,atomankiewiczdo@clickbank.net,01GWGRD1D119ZJXKKDKPYW8BX2,2022-02-16,8300
Randi,Brearty,rbreartydp@bizjournals.com,01GWGRD1D4E1QFSZMF9CKA45CB,2022-02-14,7800
Zondra,Fernyhough,zfernyhoughdq@mlb.com,01GWGRD1D75TTRQS9Q348JCES0,2022-11-22,7300
Norene,Patty,npattydr@simplemachines.org,01GWGRD1DAG4AK8WFVNB4GJC6P,2022-09-24,6100
Ofelia,Godart,ogodartds@msn.com,01GWGRD1DCSY83PK5N2QY64M3R,2022-12-09,8900
Goran,Brangan,gbrangandt@tinyurl.com,01GWGRD1DF9VKKM4B57D77THQ6,2022-04-23,5700
Lurlene,Brims,lbrimsdu@cmu.edu,01GWGRD1DJX8B7QMDW67KM0WXS,2022-01-17,5600
Alina,Bentinck,abentinckdv@nymag.com,01GWGRD1DNBXKD74DP3VNXVREZ,2022-06-19,8300
Jeannie,Oswell,joswelldw@jigsy.com,01GWGRD1DRQZ1E35FZ33M7SN9Q,2022-02-13,6900
Ranee,Doni,rdonidx@mashable.com,01GWGRD1DV7VG37V779RT2MC74,2022-09-07,7600
Lorry,Goford,lgoforddy@storify.com,01GWGRD1DY2X3XT0DSPG32SKW8,2023-03-09,6900
Emmaline,Luscombe,eluscombedz@blog.com,01GWGRD1E1RBFQNRTGM1YK5D8F,2022-10-16,7000
Lila,Yitzovitz,lyitzovitze0@dailymail.co.uk,01GWGRD1E4A39Z9PM60VKY34RX,2023-02-09,8500
Dione,Pharo,dpharoe1@wix.com,01GWGRD1E7M3Z1TMHGRSRWACDY,2022-06-01,7900
Gabriel,Raggles,gragglese2@mediafire.com,01GWGRD1EAFMGJSVZVK0D1ASYY,2023-01-14,8300
Malorie,O'Bruen,mobruene3@tuttocitta.it,01GWGRD1EDDQYD68E5AQFBYDG7,2022-01-08,7700
Donavon,Whorton,dwhortone4@utexas.edu,01GWGRD1EGMZTSQJSVKD5ASJK1,2022-12-11,6900
Kristy,Jess,kjesse5@who.int,01GWGRD1EKWYPQKCD54DJMK29Q,2023-02-09,8900
Mortimer,Minogue,mminoguee6@microsoft.com,01GWGRD1ENMMYA13TD7564KKBG,2022-09-15,8800
Kent,Paffett,kpaffette7@wunderground.com,01GWGRD1ERV2GZ1A3WFF83PZQ8,2022-12-10,6600
Geralda,Kalewe,gkalewee8@intel.com,01GWGRD1EV8EW9GBJKZGRW5YRP,2023-01-04,9000
Toinette,Vido,tvidoe9@umn.edu,01GWGRD1EYE1TPF4Y167B3ZP6S,2022-07-05,6600
Sarine,Pinchbeck,spinchbeckea@gov.uk,01GWGRD1F1QZSENM12S9T8VWAR,2022-05-16,5500
Carmen,Wixey,cwixeyeb@homestead.com,01GWGRD1F40KGS447CWK1DN406,2023-02-06,7300
Ariadne,Crunden,acrundenec@livejournal.com,01GWGRD1F7YXPMNS7QKM5407YK,2022-07-05,6200
Poul,Stanyan,pstanyaned@theatlantic.com,01GWGRD1F931AQ3W508B2H9XRN,2022-03-30,7100
Griff,Dutt,gduttee@xing.com,01GWGRD1FCRB23H05QECRVY75S,2022-09-27,9900
Glen,Fawthrop,gfawthropef@mtv.com,01GWGRD1FEP7ZFN0BVBQ2R2CXQ,2022-04-06,5100
Biron,Haldane,bhaldaneeg@ibm.com,01GWGRD1FH0BHB390Q25YHDVPE,2023-01-20,5500
Saxon,Roach,sroacheh@telegraph.co.uk,01GWGRD1FMM8084TAQ3SQXBJNS,2022-07-06,8800
Fernande,Huckin,fhuckinei@de.vu,01GWGRD1FPBB151F7RYB4TA8PA,2022-07-10,5300
Bonnibelle,Skillman,bskillmanej@springer.com,01GWGRD1FSGC89FN8XHK4HRRTQ,2022-07-15,7300
Lita,Brinkworth,lbrinkworthek@parallels.com,01GWGRD1FVJSTHX8X5M30TPD1H,2022-05-03,8400
Camel,Dunkerley,cdunkerleyel@huffingtonpost.com,01GWGRD1FXHJJW1BQXZN1EQ9AQ,2022-12-30,5600
Lily,Chess,lchessem@uiuc.edu,01GWGRD1G0MR2A7DEVDF8NB7KY,2023-02-13,8100
Stewart,Paintain,spaintainen@booking.com,01GWGRD1G2Q95RTH7X5YCXE2T0,2022-12-18,7100
Merrile,Casero,mcaseroeo@netscape.com,01GWGRD1G49YKMF3J9YJ4PZE0K,2022-12-04,8200
Kalie,MacMichael,kmacmichaelep@merriam-webster.com,01GWGRD1G6R0XAK0DQ0XA0HZ94,2023-02-08,6000
Consuelo,Farherty,cfarhertyeq@yahoo.co.jp,01GWGRD1G98N0DFQ27Z73226WD,2022-12-13,7300
Desiri,Hext,dhexter@joomla.org,01GWGRD1GBZ454GQS8M5GBN60V,2023-02-20,5600
Gabriela,Short,gshortes@toplist.cz,01GWGRD1GD53WFCFENNBQMNCRZ,2023-01-31,5000
Titus,Corney,tcorneyet@purevolume.com,01GWGRD1GFNDDHNG69PBWTXMBN,2022-10-16,9200
Veda,Shortt,vshortteu@mtv.com,01GWGRD1GH4NB92PQT6N1K7H6J,2022-01-26,5900
Denna,Folomin,dfolominev@unblog.fr,01GWGRD1GM69V3XB66KWHYZZ6R,2023-03-07,8600
Wang,Boord,wboordew@barnesandnoble.com,01GWGRD1GPCKW3T0BH164PX7BT,2022-02-24,8900
Friederike,Luxon,fluxonex@over-blog.com,01GWGRD1GR1DH98R9288SBSAX3,2023-03-08,5300
Gilda,Swiffan,gswiffaney@slashdot.org,01GWGRD1GVNNVTCNMEAEP13KCG,2022-06-30,5400
Joanne,Kisbey,jkisbeyez@live.com,01GWGRD1GX6VSQ30SKBTYV02KE,2022-09-29,8600
Nannie,Moffett,nmoffettf0@google.cn,01GWGRD1GY03RQDN9APBYV9F09,2022-01-07,6000
Christyna,Codron,ccodronf1@imdb.com,01GWGRD1H1VFFK655EHC4FAAGW,2022-01-13,9100
Matias,McKevin,mmckevinf2@tamu.edu,01GWGRD1H3V91KC2KT51CKX6Y0,2023-01-07,8700
Dulci,Trapp,dtrappf3@phoca.cz,01GWGRD1H5STT7DG79HHNKM0T0,2023-02-16,5100
Lucky,Chettle,lchettlef4@patch.com,01GWGRD1H72BS1QV1ENP09NX6Q,2022-08-13,9400
Margaret,Haestier,mhaestierf5@smh.com.au,01GWGRD1H95D8MEG9XW89S7FWR,2022-09-29,9800
Del,Flaunders,dflaundersf6@parallels.com,01GWGRD1HAXR5ZBFG6B6F3C8N4,2022-06-01,9200
Isaiah,Andrat,iandratf7@123-reg.co.uk,01GWGRD1HCY8P12X2CXG3ESNMG,2022-08-08,9700
Hana,Casewell,hcasewellf8@businessweek.com,01GWGRD1HD2TK5QRZSA3XCCA0B,2023-01-17,6600
Melisse,Krochmann,mkrochmannf9@about.me,01GWGRD1HF14M56RC4DQ70SRW6,2023-01-14,9600
Herold,Goucher,hgoucherfa@unesco.org,01GWGRD1HJN1HPRBHEY08MS9HF,2022-11-26,8100
Kort,Iskower,kiskowerfb@seattletimes.com,01GWGRD1HM12G4V7XMJ96XBHA4,2022-02-02,5600
Adey,Philipard,aphilipardfc@joomla.org,01GWGRD1HNNBYJCCXTF7FZA5FX,2022-06-20,6400
Leland,Torrent,ltorrentfd@npr.org,01GWGRD1HQPCTSXY70CKTKK2RA,2022-02-16,5400
Lorianne,Bilovsky,lbilovskyfe@yelp.com,01GWGRD1HRMBAYHPYNMAH4JDJN,2022-11-15,7800
Renae,Steddall,rsteddallff@cafepress.com,01GWGRD1HTCDPNSN3DBGRSVTKF,2022-05-03,7000
Sarine,Nassy,snassyfg@myspace.com,01GWGRD1HX3MKJ243RXEXTQT39,2022-02-18,8700
Elihu,Motton,emottonfh@cdc.gov,01GWGRD1HZV1KQC87DSB4SBAJC,2022-05-08,7500
Claudina,Peres,cperesfi@weebly.com,01GWGRD1J2KMMG20E58JK6AZ0Z,2022-02-19,9200
Maurie,Asipenko,masipenkofj@elegantthemes.com,01GWGRD1J44KQF7W6K7SZGKXYE,2022-03-28,7100
Ingelbert,Smithe,ismithefk@imgur.com,01GWGRD1J7KYX8DJK416G1FP0K,2022-05-26,7300
Jillayne,Cockley,jcockleyfl@unblog.fr,01GWGRD1JAGN1BYTD728NREY9X,2023-02-03,9800
Sheila-kathryn,Alstead,salsteadfm@nydailynews.com,01GWGRD1JD6F0ASYFP0AEH25MH,2022-06-08,6100
Sterne,Kinnen,skinnenfn@unblog.fr,01GWGRD1JFND0JE5CG718KZJSB,2022-04-25,8900
Pet,Dmitrievski,pdmitrievskifo@vk.com,01GWGRD1JH4YV7X4XV8MSD4HJC,2022-09-01,5700
Conrade,Portugal,cportugalfp@gnu.org,01GWGRD1JKHAAR022C38EABBYD,2022-05-17,8400
Cara,Van der Beek,cvanderbeekfq@gov.uk,01GWGRD1JMJNW1B04KSF2R27PY,2022-02-06,6900
Vicki,Inkpin,vinkpinfr@xinhuanet.com,01GWGRD1JPF89FG8P6429WW4MT,2022-12-21,5400
Rahel,Scrowton,rscrowtonfs@jigsy.com,01GWGRD1JQAK3FTRH70DGA0A11,2022-03-14,8300
Harv,Orme,hormeft@ed.gov,01GWGRD1JTV28BB3KJJYHQP3MS,2023-02-10,7800
Llywellyn,Crossman,lcrossmanfu@java.com,01GWGRD1JWJRE0777TS8CYQ1VR,2023-01-22,7300
Kris,Hegges,kheggesfv@cyberchimps.com,01GWGRD1JX4H12XEHG7ETRMD57,2022-10-31,6100
Buckie,Gundry,bgundryfw@sina.com.cn,01GWGRD1JYWR6KEHV6WVP7W297,2022-10-17,8900
Valli,Standfield,vstandfieldfx@youku.com,01GWGRD1K0VH4741ZRFK30X9SQ,2022-04-10,5700
Rod,von Hagt,rvonhagtfy@bing.com,01GWGRD1K1MNZJYK0EFM43PDF8,2022-01-31,7600
Oliver,Coffey,ocoffeyfz@squidoo.com,01GWGRD1K4KHSN7PQY0FQMDQKE,2022-07-10,6900
Renard,Grady,rgradyg0@earthlink.net,01GWGRD1K7X0V71WV6731B11W2,2022-07-25,6800
Clementius,Gwilliam,cgwilliamg1@examiner.com,01GWGRD1KA30BEQXVSVAR53TAA,2023-02-19,6800
Norma,Maypother,nmaypotherg2@shutterfly.com,01GWGRD1KC6DRQH73TZSXKJBM3,2023-01-16,6100
Fidel,Menego,fmenegog3@buzzfeed.com,01GWGRD1KFF852S3HDG8DD1AE6,2023-01-27,5600
Marcellina,Corby,mcorbyg4@sciencedaily.com,01GWGRD1KJZXEX3TFY88GEJY39,2022-11-30,5500
Corey,Sunderland,csunderlandg5@sohu.com,01GWGRD1KMEJJ1CVPTAF0XNKD9,2022-06-01,6900
Melly,Lorenzetti,mlorenzettig6@goodreads.com,01GWGRD1KQR08WR9JW8YK2GTQ8,2022-08-13,5000
Cyrill,Dommett,cdommettg7@eventbrite.com,01GWGRD1KTV2Z7H8KJWAZVAKGK,2022-04-15,5000
Bondon,Furmage,bfurmageg8@time.com,01GWGRD1KXNW5S17DZ4RW46R4X,2022-08-05,5800
Griz,Trouncer,gtrouncerg9@histats.com,01GWGRD1KZYRCKB6ZHXFRVE9TW,2023-01-05,6700
Gardner,Headley,gheadleyga@youku.com,01GWGRD1M2PQWYW6C1NG93JWYF,2022-09-12,6800
Sydney,Jerrim,sjerrimgb@thetimes.co.uk,01GWGRD1M5ZCCPM6W3RZR1HBY3,2022-07-19,6900
Ramonda,TRUE,rtruegc@dion.ne.jp,01GWGRD1M8GWR7B7WSQYTXBB27,2022-09-16,6300
Othilie,FitzGeorge,ofitzgeorgegd@indiatimes.com,01GWGRD1MAXCYPF81EQ8J7RVKE,2023-01-08,5900
Isidro,Willeson,iwillesonge@va.gov,01GWGRD1MDG8X80C3RQ2S5FGFW,2022-04-07,6600
Rodd,Rekes,rrekesgf@ehow.com,01GWGRD1MGGBT7SGRCGBX4PF6Z,2023-03-07,6100
Corby,Renner,crennergg@storify.com,01GWGRD1MJSK6H393YAEA1MPM4,2022-12-20,6300
Sherri,Parzis,sparzisgh@zimbio.com,01GWGRD1MK5SYD6W6D3V0S5JDF,2022-05-08,5400
Howie,Friese,hfriesegi@tumblr.com,01GWGRD1MN033JQ52J8E7NG1XM,2022-02-23,5800
Piotr,Benitez,pbenitezgj@amazon.co.uk,01GWGRD1MP5Z762AZPXT47V7M3,2022-07-05,6600
Cherianne,Schorah,cschorahgk@nasa.gov,01GWGRD1MRYKB8F93Z190KQSBE,2023-02-19,7000
Dunn,Gilcriest,dgilcriestgl@is.gd,01GWGRD1MVDMPAWNEPZCA6AFY7,2022-09-22,5500
Isabel,Dyment,idymentgm@surveymonkey.com,01GWGRD1MYNZHR8YYMP4DVRJBX,2022-03-14,5100
Jammie,Cleynaert,jcleynaertgn@posterous.com,01GWGRD1N05PT7HNKBC7FHH6VF,2022-01-25,6500
Amabel,Sewart,asewartgo@friendfeed.com,01GWGRD1N2R4X5G5NCN5EMRB8D,2023-01-02,5100
Alvin,Chillcot,achillcotgp@deviantart.com,01GWGRD1N5BJ70F3NWR0SZ2HK5,2023-01-10,6000
Caressa,Pellingar,cpellingargq@sbwire.com,01GWGRD1N7EPZCSK46W3SPYQJY,2022-02-04,6200
Ansell,Tungay,atungaygr@engadget.com,01GWGRD1P2YCAN3ZWKDVW0JX8A,2022-01-14,5000
Dolli,Atty,dattygs@shinystat.com,01GWGRD1P66GP7Y3Q07Q0F87CD,2022-10-20,5300
Enoch,Sute,esutegt@baidu.com,01GWGRD1P8WPQKWRB41WZZMFYB,2022-01-29,5200
Hallie,Gumery,hgumerygu@nydailynews.com,01GWGRD1P91CA6AEC4P8RS9THT,2022-04-29,5500
Akim,Palphramand,apalphramandgv@mtv.com,01GWGRD1PB4YAR6YXD1N99KDBW,2022-07-20,5600
Glennis,Duffree,gduffreegw@indiegogo.com,01GWGRD1PDKZCQC01RWA2Y6F8S,2022-11-04,6100
Stephie,Karleman,skarlemangx@timesonline.co.uk,01GWGRD1PEJRNMFMFYNQ3GY6KN,2023-02-03,6100
Link,Bernardt,lbernardtgy@exblog.jp,01GWGRD1PGE13ZEBZ4VWVBEPJA,2022-10-05,5100
Alix,Tregenna,atregennagz@imdb.com,01GWGRD1PJE89XG0MJN1R634A6,2022-07-01,6100
Ignacius,Ridsdale,iridsdaleh0@fc2.com,01GWGRD1PN6KWNWCGKQMAKA9AW,2023-01-01,7000
Aaron,Doogan,adooganh1@dion.ne.jp,01GWGRD1PQZ2NN9HWPHT12T5S4,2022-01-10,5800
Fletch,Kealey,fkealeyh2@linkedin.com,01GWGRD1PSPGHF6F5X0A514G02,2023-03-08,6500
Frannie,Brabyn,fbrabynh3@imgur.com,01GWGRD1PTP8MRFB0WN1BJK5PA,2023-01-22,5800
Frank,Dollimore,fdollimoreh4@senate.gov,01GWGRD1PWMPGBHRMS7FAD76HG,2022-11-13,6400
Kort,Steggles,kstegglesh5@sphinn.com,01GWGRD1PZ8NK86ANVKN0AS4ZP,2023-01-16,6300
Cayla,Causer,ccauserh6@ehow.com,01GWGRD1Q1XYY0672FA1Y08REZ,2023-03-05,6600
Arri,Leeds,aleedsh7@nytimes.com,01GWGRD1Q34HVFN8RM04KXBC2K,2022-01-04,5200
Estella,Clowton,eclowtonh8@youtu.be,01GWGRD1Q503CC2FEQ9SRCY1S7,2022-05-30,7000
Alexine,Issacov,aissacovh9@plala.or.jp,01GWGRD1Q8396F6ZSW8YZX065S,2023-01-02,5000
Ferd,Poluzzi,fpoluzziha@dot.gov,01GWGRD1QA2SXY7HX3NG6F3NKT,2022-12-14,5900
Westley,Roome,wroomehb@multiply.com,01GWGRD1QDWP79EDT4C4T0YZAB,2022-03-12,5600
Boniface,Buckland,bbucklandhc@harvard.edu,01GWGRD1QFC6SAT7RY2ZQE760Q,2022-05-24,5000
Xaviera,Donovan,xdonovanhd@desdev.cn,01GWGRD1QG0DDXNSE664DESN92,2022-06-23,5100
Annabela,Gainforth,againforthhe@alexa.com,01GWGRD1QHB6YXPHTVPK2TYHHG,2022-08-12,6800
Sallie,Frosch,sfroschhf@cbsnews.com,01GWGRD1QKM10JKA1CYGWYZ910,2022-01-07,6200
Dawn,Thurnham,dthurnhamhg@wsj.com,01GWGRD1QN23CMR47QHS08VK18,2022-12-14,5200
Yul,Verdie,yverdiehh@linkedin.com,01GWGRD1QRQ5HHQ82MTR4Q4A5M,2022-07-22,5400
Willette,Wingham,wwinghamhi@biblegateway.com,01GWGRD1QVSMVDF37JHF9CCTHK,2022-05-03,5200
Dennie,Clissold,dclissoldhj@jimdo.com,01GWGRD1QXGWZFN69ZEEP0FN6C,2022-12-27,5400
Burnaby,Gercken,bgerckenhk@feedburner.com,01GWGRD1R0JCXY84TC11XY7QVX,2023-03-19,5200
Charles,Rolls,crollshl@ihg.com,01GWGRD1R3VJ2N80WC603ZVEKQ,2022-05-10,5100
Delila,Ling,dlinghm@rambler.ru,01GWGRD1R5M4PDX0FZJQ811G6N,2022-11-01,7000
Brew,Peret,bperethn@lulu.com,01GWGRD1R8YRBDEDTD4DEM3AJJ,2022-03-14,5100
Ramon,Alberts,ralbertsho@mac.com,01GWGRD1RB4J3Q7WE73KC9VBF8,2022-05-25,6500
Madalena,Calyton,mcalytonhp@walmart.com,01GWGRD1RDK3GA73V8E57QFQ1C,2022-02-23,6000
Fredric,Casel,fcaselhq@kickstarter.com,01GWGRD1RGBXCS46A57F0Z7NVK,2022-11-08,6800
Kelcie,Gadie,kgadiehr@constantcontact.com,01GWGRD1RKE922RPX308MSZS4E,2022-01-13,5700
Coleen,Bullene,cbullenehs@samsung.com,01GWGRD1RNBVYEA5PMVBQTSXK5,2022-07-17,6400
Ernestus,Bourhill,ebourhillht@cnbc.com,01GWGRD1RPRM52FSGJ1BHRTM4K,2023-02-24,5600
Rebecca,Yuryev,ryuryevhu@vistaprint.com,01GWGRD1RQQT27YR55GTZGY2D3,2022-06-08,6200
Janette,Wyard,jwyardhv@army.mil,01GWGRD1RTCZKP9PE92QDEA2YY,2023-03-03,6300
Lanie,Cashin,lcashinhw@tinyurl.com,01GWGRD1RWSAFDRCT3C9E5FVJ1,2023-03-20,5300
Charisse,Alvy,calvyhx@google.co.uk,01GWGRD1RZHZNG8V7QH2X78T8F,2022-08-26,5300
Arlee,Orwin,aorwinhy@dropbox.com,01GWGRD1S0A6G1ZCXTBAHWMR8R,2023-01-10,6100
Lil,Foulks,lfoulkshz@hao123.com,01GWGRD1S3TGD6B6AXM6WAZC98,2022-12-25,6700
Richy,Old,roldi0@cnn.com,01GWGRD1S5YRQFPJ4DB5Q4Y38E,2023-01-29,6500
Dore,Ovesen,doveseni1@dailymail.co.uk,01GWGRD1S7J9VQT6MSR09FEY3T,2022-06-03,6600
Huntley,Traske,htraskei2@desdev.cn,01GWGRD1SAF0VH6A8RPT7WNPG7,2022-06-30,5000
Gustav,Gynn,ggynni3@ca.gov,01GWGRD1SCXWWGZ4R1S5Y0KSVD,2022-02-07,6200
Adrianne,Beetham,abeethami4@mlb.com,01GWGRD1SF5M3V9MH6F7KD2EH7,2022-07-08,6000
Kiley,Casswell,kcasswelli5@discovery.com,01GWGRD1SJXTSGKX5V6A8S155S,2023-02-10,5500
Morlee,Meegan,mmeegani6@seesaa.net,01GWGRD1SNATPJ3BDBVNT0RQQV,2022-12-17,5500
Mitch,Pouck,mpoucki7@loc.gov,01GWGRD1SPYDJF1FZE8Q6CQCEN,2022-12-07,6400
Kelsey,Goggey,kgoggeyi8@ow.ly,01GWGRD1SR2TKYBT7ZMN007WAA,2022-08-08,6300
Marta,Ord,mordi9@jimdo.com,01GWGRD1SSK64BQCB9MC6F43HV,2022-12-15,6900
Mano,Gabits,mgabitsia@devhub.com,01GWGRD1SV0B06QF4NM3P84RQC,2022-11-30,6700
Athena,Worswick,aworswickib@over-blog.com,01GWGRD1SW07E9SE7CM54XCMYH,2022-09-09,6700
Jeniffer,Hartly,jhartlyic@dedecms.com,01GWGRD1SYFJW88KD11K6GMT9V,2022-02-18,5300
Bastien,Hupka,bhupkaid@wiley.com,01GWGRD1SZ2A3GANJ4XNZC4E4W,2022-12-28,6300
Cynthea,Bridgen,cbridgenie@digg.com,01GWGRD1T1A6S177J1RKQNB4GB,2022-06-05,5700
Prince,Sherred,psherredif@storify.com,01GWGRD1T2DHCZTVRV8KGJVNXG,2022-11-17,5200
Valeda,Antill,vantillig@addthis.com,01GWGRD1T4XKNN8BH9WNJ1YKDW,2022-04-18,6500
Moe,Snary,msnaryih@yandex.ru,01GWGRD1T7FK8XKJZ1T6VEPDWX,2023-01-03,5500
Fara,Elstub,felstubii@behance.net,01GWGRD1T93DM02WZMG4J8XBXS,2022-02-01,6900
Elaine,Whettleton,ewhettletonij@dion.ne.jp,01GWGRD1TASBZX4V06VHWXKPSN,2022-10-04,5400
Abagail,Dobbing,adobbingik@comcast.net,01GWGRD1TCZE2JJK1GK2RVK7BY,2022-07-31,5200
Celestine,Biffin,cbiffinil@nytimes.com,01GWGRD1TEJXPC0PYMSVB875MN,2022-06-02,5900
Fifine,Martinello,fmartinelloim@geocities.jp,01GWGRD1TG1426VPQE5JNBG6BG,2023-02-24,5400
Alaster,Andrews,aandrewsin@drupal.org,01GWGRD1TKR8FMETVK1NR46Q8E,2022-02-18,5500
Cristen,Fiveash,cfiveashio@rambler.ru,01GWGRD1TPFQR6TJYX5VTAVBXG,2022-10-28,5300
Gabriel,Shears,gshearsip@unicef.org,01GWGRD1TR9VK956PED7KM9PEE,2022-11-04,6300
Alvina,Peegrem,apeegremiq@weebly.com,01GWGRD1TTQT8P93FTTP71ZZH2,2022-12-23,6500
Wini,Gunning,wgunningir@whitehouse.gov,01GWGRD1TW02MV1D9AXYH92EBA,2023-03-07,5000
Carmela,Chivrall,cchivrallis@facebook.com,01GWGRD1TX87T29MK9FAYBJJ6R,2023-02-08,5500
Hastings,Ambler,hamblerit@uol.com.br,01GWGRD1TY8W3S0VAV137DX0NJ,2022-07-07,6400
Neddy,Laverenz,nlaverenziu@prweb.com,01GWGRD1V0CFTC0H26Z3YPSGXE,2022-01-11,6400
Sonnnie,Adamczyk,sadamczykiv@bbb.org,01GWGRD1V25PJ26C6R5AQV61TX,2022-11-15,5000
Justine,Dunlop,jdunlopiw@goodreads.com,01GWGRD1V5GNGAGWJDH0V6MEY9,2023-01-05,5900
Winny,Arrighetti,warrighettiix@nature.com,01GWGRD1V85XWVSBZXF1SG2PQ4,2023-02-02,6400
Olin,Eltone,oeltoneiy@nih.gov,01GWGRD1VADAVB2JS1NNQT9GYB,2022-07-31,5200
Lenna,Banger,lbangeriz@blog.com,01GWGRD1VD2E86HXD4J9BJWH4K,2023-01-20,6300
Marlo,Zanardii,mzanardiij0@stumbleupon.com,01GWGRD1VGMAW7VVZFAJPSQRBT,2023-02-27,6900
Cassondra,Donnison,cdonnisonj1@spiegel.de,01GWGRD1VJT92H52QR08S0X6Y8,2022-03-22,5400
Sydney,Dumbrall,sdumbrallj2@wikispaces.com,01GWGRD1VM29TT7VK2F3NV78M9,2022-07-09,5000
Nolly,Renhard,nrenhardj3@naver.com,01GWGRD1VNQ372NBBMZ7BX4AF3,2022-10-11,6800
Valry,Doudney,vdoudneyj4@phpbb.com,01GWGRD1VRFBZNFSS1Q8ZVBF7T,2022-02-05,6200
Revkah,Schwander,rschwanderj5@fotki.com,01GWGRD1VT0MXPWVMM5M56J6YS,2023-01-02,5200
Alyda,O'Gavin,aogavinj6@fema.gov,01GWGRD1VW921AF974NBZBVZYB,2022-08-18,5600
Alison,Aspling,aasplingj7@uiuc.edu,01GWGRD1VZK82WN116C8EMEV3F,2023-03-14,5000
Kaitlin,De la croix,kdelacroixj8@desdev.cn,01GWGRD1W25CRC8XQRHQGJC66Z,2023-01-03,5900
Janis,Detloff,jdetloffj9@tripadvisor.com,01GWGRD1W4P5ZNTXV8TDCPA6RV,2022-11-10,6500
Karissa,Audibert,kaudibertja@hud.gov,01GWGRD1W7HDHV26S86W2HGPPX,2022-11-27,5700
Donetta,Dempster,ddempsterjb@simplemachines.org,01GWGRD1WAYPC5JB56A8F7PCMJ,2022-08-21,5900
Neile,Flohard,nflohardjc@census.gov,01GWGRD1WCFAAZ7P2MEVKM82Z1,2022-03-29,5300
Toma,Januszewicz,tjanuszewiczjd@nih.gov,01GWGRD1WFDFG7BWD4JXX54Q3V,2022-05-15,5500
Lester,Robbeke,lrobbekeje@arstechnica.com,01GWGRD1WJTYNBF7NVYC4GA4KP,2022-09-29,5500
Sheffy,Terris,sterrisjf@cpanel.net,01GWGRD1WMEBZM8BMF2X63CZWF,2022-11-01,6600
Sorcha,Varren,svarrenjg@independent.co.uk,01GWGRD1WQZPXZR4HM1HG2FDW6,2022-11-04,5300
Steffane,Nealon,snealonjh@umich.edu,01GWGRD1WS5ET28Y8K517DZ0ZA,2022-07-22,6300
Rona,Rozzell,rrozzellji@shop-pro.jp,01GWGRD1WW7AEFRXM88KQ51PA5,2022-10-28,6900
Feodor,Finlason,ffinlasonjj@desdev.cn,01GWGRD1WXY1FWB7VKYENW0BDQ,2022-10-14,5000
Shanon,Fidian,sfidianjk@reverbnation.com,01GWGRD1WZG5EJNSKWPBZ6Z5FW,2022-01-29,6800
Hunfredo,Mower,hmowerjl@wufoo.com,01GWGRD1X20V3Z4VTVARHBX3DK,2022-10-26,6900
Demetris,Stennine,dstenninejm@paginegialle.it,01GWGRD1X444KYQ174CVBMRAHJ,2023-01-31,5400
Ly,Sharp,lsharpjn@hatena.ne.jp,01GWGRD1X7YD4JMJ92A18MQYVC,2023-03-15,6200
Farica,Minty,fmintyjo@ebay.co.uk,01GWGRD1X8GFY0CWJ1E8C33P3C,2023-03-09,5500
Debee,Evamy,devamyjp@taobao.com,01GWGRD1XARRDZ743XEX96GJAP,2022-10-04,5800
Borden,Ogilby,bogilbyjq@ustream.tv,01GWGRD1XC2T7XM3HHJYHHQ4K2,2023-03-24,5000
Prudi,Gricewood,pgricewoodjr@harvard.edu,01GWGRD1XDY0HQXEYPN7WASDAP,2022-09-13,6700
Patrice,McKay,pmckayjs@irs.gov,01GWGRD1XENA9KQKMDE0XBFEFA,2023-03-11,5200
Alia,Rammell,arammelljt@blog.com,01GWGRD1XHMPF6ECBXFB9WZMYK,2022-05-16,6400
Gamaliel,Feehily,gfeehilyju@comcast.net,01GWGRD1XMJSDRF2YAPHNY8K7T,2022-12-23,6500
Conrad,Pierpoint,cpierpointjv@quantcast.com,01GWGRD1XQFZN8BQXEYQ47SWEV,2022-03-10,5000
Skippie,De Witt,sdewittjw@51.la,01GWGRD1XSAGKAVZAJ68VMQAC4,2023-01-26,5700
Philippine,Eykelbosch,peykelboschjx@tripod.com,01GWGRD1XWECXP3SENPJXSRC6Q,2022-12-01,5500
Jerald,Moroney,jmoroneyjy@sciencedaily.com,01GWGRD1XZPF783KG93P5GX4Y8,2022-06-09,6100
Flossy,Barth,fbarthjz@fda.gov,01GWGRD1Y0NNNNCMEGDPKCM864,2022-11-14,5900
Charil,Muffitt,cmuffittk0@flavors.me,01GWGRD1Y2XQXT2W3Q4WRF1438,2023-01-08,5100
Vinita,Kehri,vkehrik1@un.org,01GWGRD1Y3Q8W5E7GFEMFV4MZC,2022-02-10,6100
Briney,Bubb,bbubbk2@bravesites.com,01GWGRD1Y4A2JAH460ZKB8P5CR,2022-11-12,6000
Nathanil,Dole,ndolek3@cocolog-nifty.com,01GWGRD1Y62ZB7ZZNG7W79568E,2022-02-11,6800
Arte,Ivakin,aivakink4@google.co.uk,01GWGRD1Y78HDXWXEGKEYADD8E,2022-07-31,5500
Elyssa,Syphus,esyphusk5@whitehouse.gov,01GWGRD1Y9BT46HQ7PA115RSH5,2022-03-02,6100
Barton,Chaudret,bchaudretk6@apple.com,01GWGRD1YA113G6HPRE35EXDCB,2022-06-15,5600
Fraze,McCarle,fmccarlek7@apache.org,01GWGRD1YBSE97V6E1BN3NRH2Z,2022-05-16,5100
Flss,Flynn,fflynnk8@issuu.com,01GWGRD1YCRXV0V2RVKG4M7AF1,2022-08-28,6100
Rickard,Beane,rbeanek9@example.com,01GWGRD1YEMN7AFC9RRQWQ8N4Q,2022-01-26,5600
Claudio,Sholl,cshollka@go.com,01GWGRD1YFR96ZD8QN1QA2HN92,2023-02-01,6800
Marleen,Martinello,mmartinellokb@gravatar.com,01GWGRD1YHX267RBGKFSB0ZDEJ,2023-02-27,6000
Uri,Scandwright,uscandwrightkc@jimdo.com,01GWGRD1YK3MJSY66YQPDPH45H,2022-07-01,6100
Ezechiel,Robelet,erobeletkd@globo.com,01GWGRD1YMPXEAV46VAS1Y4STM,2022-06-08,6300
Nicolas,Renault,nrenaultke@bigcartel.com,01GWGRD1YPRFSKS7J5C90EA5XP,2022-07-03,6500
Geraldine,Basire,gbasirekf@google.it,01GWGRD1YTNB9407F1D5WG3502,2022-08-03,6800
Cortney,Waldera,cwalderakg@cmu.edu,01GWGRD1YVPNHJAY798SH3Z2FV,2022-12-12,6500
Andres,Sowood,asowoodkh@hud.gov,01GWGRD1YY66B5BKPVYCJPSQZY,2022-09-25,6700
Hort,Hawtrey,hhawtreyki@dmoz.org,01GWGRD1Z0BAE8BA09YH1J84PK,2022-09-17,5300
Aurilia,Patullo,apatullokj@fda.gov,01GWGRD1Z3EJ1BJYTDJRD4AD4Z,2022-03-21,6200
Pearle,Mulvany,pmulvanykk@boston.com,01GWGRD1Z6HX8VKQESGAY1QH8H,2022-02-23,5600
Livia,Clipson,lclipsonkl@google.fr,01GWGRD1Z9X8ZGDQVD2242AKVG,2022-02-20,5300
Evangelin,Spottiswoode,espottiswoodekm@dion.ne.jp,01GWGRD1ZBK678821V4X557X3J,2022-08-08,5800
Ameline,Lunbech,alunbechkn@mail.ru,01GWGRD1ZD98EXB6DY33D4E444,2022-06-02,5000
Bruno,Giannoni,bgiannoniko@bravesites.com,01GWGRD1ZEW7RRD0BYSVG4B7DJ,2022-05-02,6400
Mellisent,Masi,mmasikp@opensource.org,01GWGRD1ZH5KVBCR2PYQPXKZBX,2022-05-28,5900
Susana,Barlthrop,sbarlthropkq@nydailynews.com,01GWGRD1ZMJC9VRCPD24D6S420,2022-05-15,6200
Fredi,Coghill,fcoghillkr@cbsnews.com,01GWGRD1ZQ3S33TA0E4X7YX0RY,2022-02-16,6800
Berti,Bauer,bbauerks@redcross.org,01GWGRD1ZSEVKAYP42J7W01C2K,2022-10-25,5400
Virge,Carefull,vcarefullkt@wikipedia.org,01GWGRD1ZV9P5GGC6MTRZYQ2HP,2022-10-14,6400
Wendel,Yablsley,wyablsleyku@deliciousdays.com,01GWGRD1ZWDC8CAAFH602APGDA,2022-01-30,5900
Dudley,Farguhar,dfarguharkv@dmoz.org,01GWGRD1ZYH92986X9JCGVVRWR,2022-08-03,5800
Adrien,Burras,aburraskw@jugem.jp,01GWGRD2009H6Y8Y53ZPHVXA62,2022-12-15,5500
Trefor,Duckitt,tduckittkx@comcast.net,01GWGRD202Y3KQXSEVBPX8CVB6,2022-05-02,6000
Archibold,Terbrug,aterbrugky@issuu.com,01GWGRD20375VZBVAG0WASKPWK,2023-01-11,5200
Heidie,Connal,hconnalkz@java.com,01GWGRD205DMHQ5DAQAF8XRBT1,2023-02-26,5200
Robinet,Netley,rnetleyl0@soup.io,01GWGRD206GK6AFDJCJZEGYRPK,2022-07-18,6600
Cherrita,Lothlorien,clothlorienl1@xing.com,01GWGRD208RKV3ZAECFPT958D5,2022-09-15,5400
Joey,Iskowicz,jiskowiczl2@purevolume.com,01GWGRD20BVK3283Y57EYX2A8F,2022-03-06,6100
Garry,Chisholm,gchisholml3@geocities.com,01GWGRD20DJYKXZ3F56Q3G86SQ,2022-02-25,6200
Kirstyn,Tidbold,ktidboldl4@xing.com,01GWGRD20G7B6TR2MKZKTP27VF,2022-10-26,6000
Marisa,Copsey,mcopseyl5@nyu.edu,01GWGRD20K0C23W9Y53506VC8B,2022-04-04,5800
Cristie,Faragan,cfaraganl6@kickstarter.com,01GWGRD20P4YHAGMS76BVSRC2J,2022-02-11,5000
Garald,Carnalan,gcarnalanl7@examiner.com,01GWGRD20QWNAJ4TG1CKBY47GT,2022-08-27,5600
Constantia,Wyburn,cwyburnl8@photobucket.com,01GWGRD20SGGJSYGD895DPRNPK,2022-07-06,7000
Cheri,Chinery,cchineryl9@sina.com.cn,01GWGRD20T2GQ1X15N9YF7P7W3,2023-02-22,5400
Agnella,Gammie,agammiela@oakley.com,01GWGRD20W6ZHVCWARE1QWEHQ5,2023-03-02,5200
Alvera,Wyon,awyonlb@exblog.jp,01GWGRD20XM7F5YAT2HJX75D66,2023-01-19,5400
Patty,Ziemke,pziemkelc@si.edu,01GWGRD20ZBEMRRB431T455E0G,2022-04-16,5700
Rivi,Shuker,rshukerld@independent.co.uk,01GWGRD210R0CFC71THDCTD3DB,2022-01-18,7000
Marijo,McCusker,mmccuskerle@hatena.ne.jp,01GWGRD212HNWARXPZRFMPVDX4,2022-08-25,6200
Cordy,MacKowle,cmackowlelf@hostgator.com,01GWGRD21407YPE2GZSNPTX2RE,2022-09-27,6000
Cal,Naismith,cnaismithlg@huffingtonpost.com,01GWGRD216C5BCPDPX8YFVNY9T,2022-06-30,5500
Theodosia,Goodsall,tgoodsalllh@so-net.ne.jp,01GWGRD2171PEB4QPMQ4AZFYYB,2023-02-24,6300
Trstram,Crilly,tcrillyli@ft.com,01GWGRD219M7YSKHTG38GKWVYF,2022-06-12,6900
Gallagher,Basterfield,gbasterfieldlj@yelp.com,01GWGRD21B4QRD17JNTEE4FCGZ,2023-03-18,5600
Anet,Paridge,aparidgelk@aol.com,01GWGRD21CYK6WS4VZEJKM83CC,2022-01-17,5200
Stephanus,Perrat,sperratll@pbs.org,01GWGRD21FJ7Z4NN2AVC2D9R4X,2022-08-04,5900
Louise,Rubinovitsch,lrubinovitschlm@upenn.edu,01GWGRD21J5E831HGYJK57BG94,2022-12-28,6700
Nicky,Simoens,nsimoensln@java.com,01GWGRD21M3DGMRYAKMV0TE0QP,2022-02-18,6300
Karita,O' Driscoll,kodriscolllo@eventbrite.com,01GWGRD21QR4N3ATFYDN72M6EJ,2022-06-01,6000
Mehetabel,Paffley,mpaffleylp@dedecms.com,01GWGRD21TG66WB9VX35DBNAX1,2022-04-27,6900
Rosa,Jackling,rjacklinglq@umn.edu,01GWGRD21X5TTRBJF7BW1N5CJQ,2022-10-02,5400
Amelita,Liepina,aliepinalr@alexa.com,01GWGRD21ZC84NHXQ6V51XDJ3V,2022-09-03,5200
Melony,Dredge,mdredgels@elpais.com,01GWGRD223S50RH9ME70ZXB4ZQ,2023-02-01,7000
Hussein,Bulmer,hbulmerlt@last.fm,01GWGRD225M0Y9Z7RHP5FENGRN,2022-08-12,6000
Mercedes,Gentzsch,mgentzschlu@hhs.gov,01GWGRD229VF00EW6Q2YNN1BPB,2022-11-24,6900
Gabby,Cyples,gcypleslv@weibo.com,01GWGRD22B2XEARD60RDAEREDR,2022-01-02,6700
Aubrey,Breyt,abreytlw@chicagotribune.com,01GWGRD22ENVAFQ29Y7QJK6R5C,2022-05-06,6900
Missie,Hannan,mhannanlx@icio.us,01GWGRD22GYQ0SYW7887G27VBJ,2022-09-14,7000
Gertrude,Gooderson,ggoodersonly@java.com,01GWGRD22K0CZ0F7Z6PDH4AD4P,2022-05-18,6600
Jacques,Shenton,jshentonlz@ucsd.edu,01GWGRD22NEGBVATNF55THJ4TZ,2022-06-23,5500
Crissie,Antoney,cantoneym0@hibu.com,01GWGRD22Q02EM5HVVRKFQK3VC,2023-02-08,6200
Elita,Ramme,erammem1@archive.org,01GWGRD22SWK26VERA206KDTXM,2022-10-26,6900
Obed,Wallbrook,owallbrookm2@tinypic.com,01GWGRD22WX5JR5VQGSE9TKXQ3,2022-09-29,6800
Malorie,Glasgow,mglasgowm3@bbc.co.uk,01GWGRD22YZC56Q108C9Y10C0E,2022-03-29,5000
Ryley,Room,rroomm4@dot.gov,01GWGRD2300FS8SAZESKXHWJ6M,2022-09-26,6400
Bobbe,Jezard,bjezardm5@zdnet.com,01GWGRD232MVYK3MBMNFXX7PGD,2023-03-09,6200
Gerald,Cocklie,gcockliem6@bravesites.com,01GWGRD235H2DED8BGP227F76S,2022-04-12,6100
Penny,Sidle,psidlem7@bluehost.com,01GWGRD236V4C70WTD34V10RQ8,2022-10-10,6500
Lindon,Rhead,lrheadm8@a8.net,01GWGRD238JES1AXGP3KTSPM3W,2022-10-19,5400
Alla,Timperley,atimperleym9@histats.com,01GWGRD2395T0KJ48AMGH00VDV,2022-06-17,6600
Vanya,Wholesworth,vwholesworthma@moonfruit.com,01GWGRD23CTW5GSP5RBCCG9NCJ,2022-11-03,6100
Carlen,Foxcroft,cfoxcroftmb@pbs.org,01GWGRD23E3AFSE2MFSFGBXS97,2022-05-30,5500
Isadore,Halgarth,ihalgarthmc@redcross.org,01GWGRD23GCWR172PPARD1KWDS,2023-01-19,6100
Tymon,Snowman,tsnowmanmd@cnbc.com,01GWGRD23J211KMZE3EAFX3DZ8,2022-11-02,6200
Nathaniel,Venditti,nvendittime@adobe.com,01GWGRD23MJ7N289JP30M5N8DK,2022-06-22,6000
Aaren,Grivori,agrivorimf@globo.com,01GWGRD23P0FBC417EN3NNRXYH,2022-08-17,5100
Esmaria,MacNeachtain,emacneachtainmg@dropbox.com,01GWGRD23RAWE1SE5FTKHWBHHN,2023-03-24,5400
Lloyd,Walch,lwalchmh@yahoo.com,01GWGRD23VZFCDH2A1BWPMEEVX,2022-06-29,6900
Solomon,Haggie,shaggiemi@si.edu,01GWGRD23WCBYA134KXQSK8SM5,2022-12-07,5100
Aylmer,Whitland,awhitlandmj@umn.edu,01GWGRD23Z4WDB3PXTA7F8R82P,2022-04-22,5100
Josiah,Ierland,jierlandmk@accuweather.com,01GWGRD24165TSJY2N4284514E,2022-08-10,5800
Rania,Newis,rnewisml@answers.com,01GWGRD243KA753KP43A15KZ5M,2022-03-29,5900
Nollie,Sighart,nsighartmm@fema.gov,01GWGRD245W11V28ND6Z3QPT3K,2022-09-15,6600
Rainer,Spinella,rspinellamn@usda.gov,01GWGRD248Z03X1N70F29X9QK8,2022-11-03,6700
Galen,Hellwich,ghellwichmo@businesswire.com,01GWGRD24APMG98DF52DQGYQBK,2022-09-12,6500
Llywellyn,Hawtin,lhawtinmp@addtoany.com,01GWGRD24DZ4PYGZP3EJHFQ9K5,2022-03-02,5800
Marita,Drewry,mdrewrymq@spiegel.de,01GWGRD24EQ8XWHFVGRDYP8P8W,2022-03-24,5700
Chaim,Rockcliffe,crockcliffemr@storify.com,01GWGRD24HEK8GAZ3WYM3B4M8D,2023-03-23,6400
Akim,McTaggart,amctaggartms@macromedia.com,01GWGRD24KEVQRPFB9TQ14PBS2,2022-01-15,5300
Georgina,Bourley,gbourleymt@jugem.jp,01GWGRD24PZZ7PVCFH9WBWBWPV,2022-03-25,5200
Cortney,Scurry,cscurrymu@virginia.edu,01GWGRD24R7PE4P9CPHRNSPWG5,2022-05-11,5900
Grady,Filip,gfilipmv@clickbank.net,01GWGRD24TFXC1RMDWM6MHTEYS,2022-12-14,6400
Douglas,Brunelli,dbrunellimw@businesswire.com,01GWGRD24W4TX0V2899EF3TP3P,2023-03-17,5300
Munmro,Imlacke,mimlackemx@cdbaby.com,01GWGRD24ZP0P7RP055VTJ9D38,2022-11-10,5200
Aryn,Formoy,aformoymy@china.com.cn,01GWGRD251WB0XF2MX7S8GQK41,2022-11-08,6500
Nolie,Balk,nbalkmz@mlb.com,01GWGRD254RJ7G5ETZQMJYN16Q,2023-02-22,6200
Matthias,Staynes,mstaynesn0@dagondesign.com,01GWGRD255Q1DF8CPNEZ9H1HXW,2022-08-18,5100
Othella,Tabbernor,otabbernorn1@ucsd.edu,01GWGRD2588GS5AZJNWT1VW4Y8,2022-12-06,6000
Carin,Reford,crefordn2@hao123.com,01GWGRD25AFAAAGKJCMD7C6PTN,2022-04-28,5200
Selby,Dearden,sdeardenn3@oaic.gov.au,01GWGRD25D9YMYW37X9E4HYAZA,2022-07-05,5700
Vinny,Drexel,vdrexeln4@desdev.cn,01GWGRD25FDDM4QA4CZ2DQYZM5,2023-01-02,6900
Kelvin,Esson,kessonn5@senate.gov,01GWGRD25JEXMB3YYFVCQ6B7NJ,2023-03-06,6800
Herman,Camoletto,hcamoletton6@wix.com,01GWGRD25M57KM0DTDZ3Z9NF4E,2022-07-08,5600
Wiatt,Sherbrooke,wsherbrooken7@examiner.com,01GWGRD25PX6XTMSS42D7VFK9R,2022-01-20,6000
Eunice,Towll,etowlln8@hc360.com,01GWGRD25RQZ2N8XWCWKFD4HXQ,2022-05-22,5500
Stanfield,Falla,sfallan9@cnet.com,01GWGRD25VA5TV7KGGVXDZQQ9T,2022-09-29,6900
Pace,Dockree,pdockreena@wisc.edu,01GWGRD25XAX24V7QAHNR8YRQQ,2022-05-12,6700
Thomas,Edgar,tedgarnb@etsy.com,01GWGRD260V5XZNQ7PHFNBMABX,2022-06-22,6700
Gerry,Doward,gdowardnc@umn.edu,01GWGRD261QT6J1JJKNMR2E9DV,2023-01-05,5300
Albertine,Kyneton,akynetonnd@netlog.com,01GWGRD264EMDGP045EXYJFNAB,2022-01-10,6300
Nil,Quernel,nquernelne@bravesites.com,01GWGRD266W4PYTXN36FANS0SY,2023-03-06,5600
Collete,Skellen,cskellennf@redcross.org,01GWGRD268PSVSG7E0V4MM89H2,2022-07-19,6200
Derwin,Saddington,dsaddingtonng@usatoday.com,01GWGRD26AKNNE1VJ8GYSD2FSD,2023-03-08,5900
Jaynell,Jagson,jjagsonnh@google.co.jp,01GWGRD26CCYF6M9SM7M4Z74V4,2022-04-10,5900
Alfie,Ludy,aludyni@etsy.com,01GWGRD26DPY9HG2RQM7KJKWNT,2023-01-04,6100
Talia,Effemy,teffemynj@w3.org,01GWGRD26EG7YSQ3KTZDCA9R61,2022-10-12,6200
Dore,Geaveny,dgeavenynk@irs.gov,01GWGRD26HA4YCSRGQY8DW0N5S,2022-11-23,6100
Julietta,Wakley,jwakleynl@goodreads.com,01GWGRD26M023DHH5EK3CMDEGT,2022-09-08,6100
Bendick,Klammt,bklammtnm@theglobeandmail.com,01GWGRD26NV3MSF2ZPWKXNETJS,2022-04-02,6900
Diana,Keaysell,dkeaysellnn@tinyurl.com,01GWGRD26QN2X2CXHW2NN6NAD5,2023-02-08,5700
Jana,Redfern,jredfernno@domainmarket.com,01GWGRD26R51PM02D21J0X9DF8,2022-03-18,6900
Tracy,Harwick,tharwicknp@netvibes.com,01GWGRD26VXDS3BK1WVY4KR8FY,2023-03-19,5300
Harland,Mews,hmewsnq@usatoday.com,01GWGRD26YHD6W40JPBBGDRFP8,2023-02-24,5300
Ki,Baldwin,kbaldwinnr@samsung.com,01GWGRD2713QX2WXEQKYZ1KY58,2022-05-27,5700
Binny,Henriques,bhenriquesns@myspace.com,01GWGRD274PCB7DMSBW1T2M8VX,2022-07-02,6700
Donall,Taggerty,dtaggertynt@nifty.com,01GWGRD27761GAMT1T2NNQSTCR,2022-03-01,6400
Royce,Bucklan,rbucklannu@nbcnews.com,01GWGRD27A3KT2SNSZRJ895QRJ,2022-09-02,5200
Wally,Ilyushkin,wilyushkinnv@youtube.com,01GWGRD27DTR3A2ZB0SE7ABAHS,2023-01-31,6900
Bartie,Howat,bhowatnw@prnewswire.com,01GWGRD27G441NPKYPV9EHWDV1,2022-08-26,5500
Michele,Becker,mbeckernx@cpanel.net,01GWGRD27KE2BD06KW642AWAZR,2023-02-27,6100
Jacob,Lanigan,jlaniganny@wisc.edu,01GWGRD27P7XS2QF9KPBXTTZ3V,2022-11-24,6100
Arden,Lorinez,alorineznz@microsoft.com,01GWGRD27S45FC3S18HDKA8GT1,2022-08-07,5400
Fritz,Ranfield,franfieldo0@topsy.com,01GWGRD27WEKGMX1WG2KQQ6NR6,2022-05-02,5600
Bourke,Scole,bscoleo1@businessinsider.com,01GWGRD2CXR5XQJNC0J2M4TRQ7,2022-08-09,5400
Karry,Senchenko,ksenchenkoo2@lulu.com,01GWGRD2E9SJXTCH6375Q21137,2022-02-07,6700
Francesca,Maurice,fmauriceo3@rambler.ru,01GWGRD2EGSDQ18QT2T7RKFGT8,2022-06-21,5600
Risa,Matthiae,rmatthiaeo4@bluehost.com,01GWGRD2EP4E073E5DQADKY9N8,2022-06-22,5600
Gardy,Heinsen,gheinseno5@comsenz.com,01GWGRD2ESFBKN6RDEE9BGCEZE,2022-06-02,5400
Waylen,Cleaton,wcleatono6@bravesites.com,01GWGRD2EXTASGH1H8X8ZVQQ0C,2023-01-10,6300
Geralda,Lampert,glamperto7@senate.gov,01GWGRD2F0VNQEYPCSXXHA8WSR,2022-05-31,5000
Gertrude,Skarr,gskarro8@usda.gov,01GWGRD2F4F7JNVKJEMYKBGVY6,2022-10-03,6700
Davon,Braunter,dbrauntero9@japanpost.jp,01GWGRD2F7Z71GC6WQF3VGQH6E,2022-11-20,5600
Joscelin,Eilhertsen,jeilhertsenoa@hexun.com,01GWGRD2FBPYXXY2GZX21DQ54D,2022-04-14,6500
Hephzibah,Furnell,hfurnellob@vkontakte.ru,01GWGRD2FEXPN0C3Z691MB8NDF,2022-11-26,6100
Brier,Greensides,bgreensidesoc@globo.com,01GWGRD2FJB7CK10XS6GZXNGJV,2023-03-15,6600
Nels,Fumagallo,nfumagallood@dedecms.com,01GWGRD2FPGWKRBNXCXGD9QWJH,2022-01-24,5600
Leann,Lowson,llowsonoe@wordpress.org,01GWGRD2FT9T1BTVQ76090H4Q3,2022-09-07,5200
Minny,Strode,mstrodeof@admin.ch,01GWGRD2FYAXH2F4QKBAADZDW7,2022-10-24,7000
Anabel,Varty,avartyog@google.co.uk,01GWGRD2G263CX6YYM225TGBP5,2023-03-22,6700
Mendie,Kelley,mkelleyoh@alibaba.com,01GWGRD2G66656B9NPKSFNBH72,2022-09-11,5100
Murial,Joskowitz,mjoskowitzoi@mozilla.com,01GWGRD2GAM950C2HYD0K4HR8P,2023-01-23,5500
Deena,Karus,dkarusoj@jalbum.net,01GWGRD2GDE6X22P24GMP6HWY1,2022-01-02,5000
Bartholomeus,Trunchion,btrunchionok@google.nl,01GWGRD2GH3EHBDMVR3HBBS5CZ,2022-02-28,5000
Dyanne,Marquiss,dmarquissol@macromedia.com,01GWGRD2GNE1W87CYVW1WTZNFW,2022-01-03,8500
Rona,Sharville,rsharvilleom@cafepress.com,01GWGRD2GSFHB87GQK1S0FN0C3,2022-12-25,6100
Dolley,Insull,dinsullon@wikimedia.org,01GWGRD2GXD63T7R54AVQ6JZZQ,2022-05-01,5300
Arri,Lissaman,alissamanoo@illinois.edu,01GWGRD2H15DTY19TMCYF9BN3E,2022-08-26,8000
Jessamyn,Ketchen,jketchenop@virginia.edu,01GWGRD2H516YCFGWJTMFQYWN3,2022-12-24,7800
Denys,Pagen,dpagenoq@irs.gov,01GWGRD2H8YECT0HSHP85NJAEE,2022-10-07,9400
Duncan,Simonds,dsimondsor@prweb.com,01GWGRD2HCPWQJCVBS4ZY96DZA,2023-01-01,8700
Yolane,Coultous,ycoultousos@weebly.com,01GWGRD2HGG4S5JKG2NT435KPR,2023-02-27,5400
Denver,Ascraft,dascraftot@microsoft.com,01GWGRD2HMYCF92X1T39757D7R,2022-09-07,5000
Charissa,Rebeiro,crebeiroou@istockphoto.com,01GWGRD2HQ0D9VBFX3NT8GQK97,2023-02-21,6500
Gussy,Ambrosini,gambrosiniov@nifty.com,01GWGRD2HVH1TB1YFFND29N0VJ,2023-03-07,6800
Phelia,Geaveny,pgeavenyow@nasa.gov,01GWGRD2HYF9XHDSKJ209VA74R,2022-08-29,6800
Norby,Darrigoe,ndarrigoeox@pen.io,01GWGRD2J27G7B8AV1BYR0MKAW,2022-05-20,5000
Alan,Bottinelli,abottinellioy@facebook.com,01GWGRD2J50GTFBXMJS48CTJM2,2022-01-29,8500
Kristian,Tutchell,ktutchelloz@artisteer.com,01GWGRD2J9WZJEA698TKSNGV47,2022-09-26,6100
Beltran,Kenn,bkennp0@mlb.com,01GWGRD2JC59Y3ZQ043RZ9PFW0,2022-11-27,5300
Wendell,Grimster,wgrimsterp1@wiley.com,01GWGRD2JG3XXCW9JY7JVKM9XE,2022-10-03,8000
Kit,Handrek,khandrekp2@aol.com,01GWGRD2JKSA3NGG6F8YGGX21W,2022-12-19,7800
Celinka,Kardos-Stowe,ckardosstowep3@is.gd,01GWGRD2JQH6K3WXGVAG1WSCQM,2022-06-18,9400
Chariot,Beardsley,cbeardsleyp4@domainmarket.com,01GWGRD2JSNHFB673C1K0N3QGN,2022-03-05,8700
Marinna,Matovic,mmatovicp5@ucla.edu,01GWGRD2JWF10VMZ8VD7HPAXD5,2022-04-02,6900
Cloris,Nucciotti,cnucciottip6@delicious.com,01GWGRD2JZXZM4T6RSP3T0W8CA,2022-03-23,5800
Sabra,Caffrey,scaffreyp7@last.fm,01GWGRD2K32WS064G7XCJ8K469,2023-01-07,6000
Ginni,Duley,gduleyp8@weather.com,01GWGRD2K63VN4QFXTQ9EX773Y,2022-01-07,5100
Ranna,Varah,rvarahp9@sina.com.cn,01GWGRD2K9K9Y862Z7G4KKVXM4,2022-07-29,6500
Zeb,Woolley,zwoolleypa@ca.gov,01GWGRD2KC1FK24VJNWRWCG7V3,2022-06-12,6200
Roddy,Umbert,rumbertpb@mtv.com,01GWGRD2KFGBJZ9CAYWJW0HHJM,2022-11-08,5200
Mikey,De Cruce,mdecrucepc@tripadvisor.com,01GWGRD2KKAZHEN1RAJZ8TNJTP,2023-01-10,7000
Orville,Cobbald,ocobbaldpd@chronoengine.com,01GWGRD2KP5N62A7TJ36GRMSH7,2022-06-05,6200
Edin,Buntine,ebuntinepe@weebly.com,01GWGRD2KS1S4CY1480922YK6S,2022-04-04,6100
Harmonie,Croan,hcroanpf@bizjournals.com,01GWGRD2KWAVW30H92T4HWF643,2022-01-23,6400
Darrick,Jirieck,djirieckpg@npr.org,01GWGRD2M04RR19K57BNPGR19D,2022-07-06,6200
Gizela,Dax,gdaxph@accuweather.com,01GWGRD2M3TZ7B0XVGEVXV1PT1,2023-01-16,5600
Bradley,Pimm,bpimmpi@xrea.com,01GWGRD2M6N9A4C29BVB6M3ZHF,2023-03-26,8300
Amber,Goodredge,agoodredgepj@unesco.org,01GWGRD2M9DFTCM2BMCN77QSBN,2022-11-16,6900
Rozalin,Nudds,rnuddspk@patch.com,01GWGRD2MCD0NKXS6HNCBJDK02,2022-03-13,7600
Aggy,Fishlock,afishlockpl@kickstarter.com,01GWGRD2MFVBX8TQMYSY9QF800,2022-08-09,6900
Lyn,Lumbers,llumberspm@blog.com,01GWGRD2MKMX87EQHJHCPAJ6SN,2022-11-02,7000
Meir,Porker,mporkerpn@princeton.edu,01GWGRD2MPF2HNM8EHEDX1SP10,2022-03-28,8500
Lindy,Candlish,lcandlishpo@wordpress.com,01GWGRD2MSDQ9VGZBSRMJARYYB,2022-03-09,7900
Katharina,Haslen,khaslenpp@cnn.com,01GWGRD2MX5SMECRWH6SAHWCBK,2022-02-18,8300
Elaine,Babbage,ebabbagepq@uol.com.br,01GWGRD2N0BPTQ2GPS7686KH2Z,2022-02-27,7700
Anthe,Braid,abraidpr@flavors.me,01GWGRD2N3YZXR7GMZ69AW6WS3,2022-09-20,6900
Ezmeralda,Syne,esyneps@answers.com,01GWGRD2N74J73B1WVXMSK1VBN,2022-05-12,8900
Tildi,Garie,tgariept@timesonline.co.uk,01GWGRD2NAGZN681HB8FJMR9DX,2022-01-26,8800
Mariska,Clendinning,mclendinningpu@ow.ly,01GWGRD2NEFX18RMVB7CSK9TWR,2022-01-17,6600
Madalyn,Englefield,menglefieldpv@booking.com,01GWGRD2NHF5SPAZNVN37JGNH0,2023-03-08,9000
Milicent,Croson,mcrosonpw@flickr.com,01GWGRD2NM38D4EPPA9VQWX0XT,2022-10-16,6600
Teddie,Foucher,tfoucherpx@ihg.com,01GWGRD2NRSDAHA6DNKTRAJFHE,2022-03-22,5500
Adaline,Whittenbury,awhittenburypy@bbc.co.uk,01GWGRD2NV6R48Y7640V358RDP,2022-08-13,7300
Ashlin,Canland,acanlandpz@yellowpages.com,01GWGRD2NY7VCTY50CW4M5GM2D,2022-07-22,6200
Carlo,Sentance,csentanceq0@amazonaws.com,01GWGRD2P1NXVZXRD3GJP0MWTD,2022-03-19,7100
Carlin,Tenwick,ctenwickq1@ibm.com,01GWGRD2P46H7Q0RC5587AKS1H,2023-02-23,9900
Kandace,Oxe,koxeq2@prlog.org,01GWGRD2P8RJ20TJ1YWTJ6CRAY,2022-05-19,5100
Gussy,Halley,ghalleyq3@ftc.gov,01GWGRD2PBDD29FS9K382TR44C,2022-01-17,5500
Demetri,Bateup,dbateupq4@symantec.com,01GWGRD2PE43MEFGM3FJFCEVSZ,2022-11-16,8800
Odille,Bertome,obertomeq5@free.fr,01GWGRD2PJESFBZ14R5VY8XEC4,2023-03-17,5300
Mabel,Kiff,mkiffq6@1und1.de,01GWGRD2PN136KNSV3E4BTMDTF,2022-04-15,7300
Deina,Heaphy,dheaphyq7@g.co,01GWGRD2PSJR1300VPT7Z57Q6A,2022-09-15,8400
Franchot,Fealey,ffealeyq8@phoca.cz,01GWGRD2PWW422RWGX0XZJ2X67,2022-09-11,5600
Ron,Lenden,rlendenq9@usnews.com,01GWGRD2PZM4ZQC5DJEF7JEY7J,2022-03-10,8100
Casey,Juszczyk,cjuszczykqa@hc360.com,01GWGRD2Q3B5VDRDQNGRMTQ5F4,2022-11-05,7100
Natka,Boorer,nboorerqb@paypal.com,01GWGRD2Q64PVJS24NDC7E84G1,2022-01-08,8200
Aurie,Kubica,akubicaqc@yahoo.com,01GWGRD2Q9RSRQVPS76H7QWAWF,2023-03-20,6000
Daffie,McQuie,dmcquieqd@godaddy.com,01GWGRD2QDY4SFZX2GQ4XB8T3M,2022-12-06,7300
Lauri,Going,lgoingqe@cbsnews.com,01GWGRD2QG8M2J2JC5Z5N57C15,2023-02-19,5600
Marcella,Houlton,mhoultonqf@cyberchimps.com,01GWGRD2QKC2PKBDTN5S5X5RZ1,2022-10-28,5000
Constance,Tudbald,ctudbaldqg@homestead.com,01GWGRD2QPJ588W8NNEXTAGASY,2022-02-08,9200
Dukie,Glyne,dglyneqh@goo.ne.jp,01GWGRD2QTY6ZYGR5NGNNPQ6KY,2022-05-15,5900
Chanda,Berick,cberickqi@cmu.edu,01GWGRD2QXPQM8KG2PX4CW9XN6,2022-12-30,8600
Glendon,Massimi,gmassimiqj@loc.gov,01GWGRD2R1DJHV9SHFDAGA71RS,2022-12-21,8900
Gelya,Smyley,gsmyleyqk@webmd.com,01GWGRD2R4A92JZP51K2001HXJ,2022-03-03,5300
Tracy,McCorkindale,tmccorkindaleql@merriam-webster.com,01GWGRD2R768AC1V220M0XQVFE,2022-12-05,5400
Trina,Cowcha,tcowchaqm@ihg.com,01GWGRD2RBQS2PW8ZWRMQH0Q3S,2022-04-08,8600
Nonnah,Tattershall,ntattershallqn@ezinearticles.com,01GWGRD2REWQ6PXTM2SK5HKDGG,2022-02-28,6000
Sandra,Blain,sblainqo@homestead.com,01GWGRD2RJ7YFP5BRNZWZE7DHM,2023-01-22,9100
Antonino,Hand,ahandqp@webmd.com,01GWGRD2RN287C9A445E63DJ7P,2022-10-04,8700
Justin,Wesson,jwessonqq@tmall.com,01GWGRD2RRJDAWKJ62565P0K22,2022-05-04,5100
Candice,Keers,ckeersqr@1und1.de,01GWGRD2RW75G3XQ7GVFJ7MKZ6,2022-06-25,9400
Scottie,Bovis,sbovisqs@answers.com,01GWGRD2RZA3ATTBFZVA7SC00C,2022-04-28,9800
Jeffry,O'Siaghail,josiaghailqt@soup.io,01GWGRD2S2KV6MYX3QAA4KZGQ7,2023-02-09,9200
Marina,Trees,mtreesqu@ow.ly,01GWGRD2S6EA78M8PR41WK6WEG,2023-01-01,9700
Abbey,Pendered,apenderedqv@netvibes.com,01GWGRD2S91EMBK75RASJW8M79,2022-11-26,6600
Cyndie,Croom,ccroomqw@pen.io,01GWGRD2SC8Z4R1XF49QN4JTKN,2022-08-09,9600
Kyle,Brixey,kbrixeyqx@t.co,01GWGRD2SGQV3NQZTB2EP0WGVW,2022-10-05,8100
Aggie,Barhams,abarhamsqy@theglobeandmail.com,01GWGRD2SKRN6ZJ9YVAVKY5RQN,2023-02-14,5600
Leighton,Wyldish,lwyldishqz@mlb.com,01GWGRD2SQFZ12A7WZ5X4M3C0Y,2022-10-18,6400
Emmerich,Scrinage,escrinager0@businesswire.com,01GWGRD2SV24AKYYMWJ3JBVPXC,2022-02-22,5400
Coraline,Nutman,cnutmanr1@sogou.com,01GWGRD2SY98H719VSMHXA6K80,2022-01-21,7800
Shelden,Kennifick,skennifickr2@zdnet.com,01GWGRD2T1HASM21BB5KXHVH01,2022-05-01,7000
Hertha,Wasielewicz,hwasielewiczr3@sfgate.com,01GWGRD2T5D2ZXYMZ8YK3H2EMW,2022-07-11,8700
Ezra,Chesworth,echesworthr4@ezinearticles.com,01GWGRD2T86RTTT9KJNZX4TKRW,2023-02-14,7500
Julianna,MacTrustrie,jmactrustrier5@plala.or.jp,01GWGRD2TCRRJ1ME2Z8SQ09WMT,2022-07-13,9200
Base,Brinsford,bbrinsfordr6@abc.net.au,01GWGRD2TFYSC48JE5GFQV2W9R,2022-09-09,7100
Locke,Beadnall,lbeadnallr7@yelp.com,01GWGRD2TJP0Q4RZF8GV2NW0MR,2022-05-28,7300
Billye,Castillou,bcastillour8@example.com,01GWGRD2TNM89WB30Z0MXN4445,2023-02-09,9800
Stillman,Tournie,stournier9@yellowbook.com,01GWGRD2TSTSR1E00CAPM91QKA,2022-09-15,6100
Laure,Deetlof,ldeetlofra@sbwire.com,01GWGRD2TWJ5BNHVXVWX1XDZKP,2022-06-29,8900
Renado,Pickring,rpickringrb@acquirethisname.com,01GWGRD2V03J921GDJB71EHVH7,2022-03-20,5700
Deedee,Sipson,dsipsonrc@about.me,01GWGRD2V3JWZ2E69J8JYQXJWQ,2023-02-14,8400
Ike,Roubay,iroubayrd@tmall.com,01GWGRD2V64YKC0YST8NBT03WF,2022-04-26,6900
Siana,Busfield,sbusfieldre@gnu.org,01GWGRD2VAEZPZTHAH8TQ5HW85,2022-09-09,5400
Dasya,Bulcock,dbulcockrf@mozilla.com,01GWGRD2VDEPKP0BGV0FKSWQPB,2022-08-25,8300
Kirstin,Jacqueminot,kjacqueminotrg@seattletimes.com,01GWGRD2VHGE4R8CCF02HTFPAN,2022-07-18,7800
Estrella,MacCaffrey,emaccaffreyrh@indiatimes.com,01GWGRD2WEZ5GVA9AEZW9DDZDG,2022-11-24,7300
Ysabel,Maydway,ymaydwayri@mozilla.com,01GWGRD2WJK0S75GR7WV1TJWCT,2022-03-26,6100
Tadeo,Bissatt,tbissattrj@yellowpages.com,01GWGRD2WN8YW6B3E3WJGCVHKW,2023-02-21,8900
Lorena,Parks,lparksrk@youtube.com,01GWGRD2WS86CHCKKM846ZHFNY,2022-05-04,5700
Shepherd,Jeacop,sjeacoprl@nih.gov,01GWGRD2WXGX34NQAVGGK2JXH5,2022-01-13,7600
Isidro,McVicar,imcvicarrm@wufoo.com,01GWGRD2X0XF1BSEY4PBY59VG0,2023-03-16,6900
Nataline,Millmore,nmillmorern@dagondesign.com,01GWGRD2X4W58D42X9RT7B8416,2022-04-13,6100
Emmott,Brendel,ebrendelro@reuters.com,01GWGRD2X8XRSA7WEERGH9VFA3,2022-11-26,5300
Celesta,Lys,clysrp@nih.gov,01GWGRD2XBXVRY0MVPF95PZ1WE,2022-05-31,8000
Stephani,Ellis,sellisrq@mtv.com,01GWGRD2XFHMBKHZCNHV4RNVNP,2022-12-27,7800
Eugenius,Kristof,ekristofrr@sohu.com,01GWGRD2XJ9D70V41VBZ653J0N,2022-11-18,9400