transaction_id,transaction_at,fullname,first_name,last_name,email,amount
01GWGRTQ7RJ6CV8N087STP8NHX,2022-09-07,Malissa Ruppel,Malissa,Ruppel,mruppel0@japanpost.jp,7200
01GWGRTQ89ABTQB5XEYMWE2JG1,2022-10-16,Fredericka Stolle,Fredericka,Stolle,fstolle1@digg.com,9100
01GWGRTQ8GRH512T7TV5XNS1WJ,2023-03-08,Lucille Capron,Lucille,Capron,lcapron2@berkeley.edu,9100
01GWGRTQ8N9J6WYRH8JZV5W06H,2022-03-06,Gratia Wanklin,Gratia,Wanklin,gwanklin3@aol.com,7900
01GWGRTQ8T0H7DXEGCY21Q1DRW,2022-07-25,Daffi McCroary,Daffi,McCroary,dmccroary4@de.vu,6300
01GWGRTQ90339BH2RR3ZPQEQCR,2022-10-03,Brnaby Matelaitis,Brnaby,Matelaitis,bmatelaitis5@ezinearticles.com,7800
01GWGRTQ9553J58BB5SCSF2KJJ,2022-03-15,Lennard Biasetti,Lennard,Biasetti,lbiasetti6@eventbrite.com,6900
01GWGRTQ9B4CXABMMNWPEMJZG3,2023-02-08,Rad Garford,Rad,Garford,rgarford7@com.com,5900
01GWGRTQ9H4AJ5G4E53M65RPYF,2023-02-24,Victor Alenikov,Victor,Alenikov,valenikov8@mtv.com,9600
01GWGRTQ9QS6FCTSHP1NHYMPK6,2022-09-14,Moina Syfax,Moina,Syfax,msyfax9@oracle.com,8200
01GWGRTQ9WBZH8FW3157S4QV7R,2023-02-15,Rafa Conklin,Rafa,Conklin,rconklina@reverbnation.com,9500
01GWGRTQA22ZAD0P61S7NP0T36,2022-03-20,Ky Klemensiewicz,Ky,Klemensiewicz,kklemensiewiczb@noaa.gov,6100
01GWGRTQA86MVZ8371YJ9V6RSG,2022-11-09,Lea McTrustey,Lea,McTrustey,lmctrusteyc@weebly.com,6700
01GWGRTQAEY8ZK1D3NRM6GAR3C,2022-12-27,Kristofor Tollett,Kristofor,Tollett,ktollettd@senate.gov,5000
01GWGRTQAKGMXT0MKDH62F71MS,2022-07-03,See MacKerley,See,MacKerley,smackerleye@instagram.com,8500
01GWGRTQATN7CE3D4XHS39EPWQ,2022-08-28,Micheal Iwanowski,Micheal,Iwanowski,miwanowskif@privacy.gov.au,6100
01GWGRTQAZ900991E13EP389MB,2023-03-11,Sergio Rickis,Sergio,Rickis,srickisg@hatena.ne.jp,5300
01GWGRTQB47030XJHDMSVTSJG6,2023-01-18,Kassandra Rowlin,Kassandra,Rowlin,krowlinh@phoca.cz,8000
01GWGRTQB9F0SHDZ94DP89MJ6M,2022-04-18,Teodoro Choppin,Teodoro,Choppin,tchoppini@bbb.org,7800
01GWGRTQBEXCDJ4PG7AGETZY5B,2022-01-29,Clarice Proughten,Clarice,Proughten,cproughtenj@un.org,9400
01GWGRTQBJRHA65W3B4Z5Y44WN,2023-01-31,Denys Arrigo,Denys,Arrigo,darrigok@posterous.com,8700
01GWGRTQBQG26HXPR1VEGX8Z3J,2022-11-03,Gaultiero Olechnowicz,Gaultiero,Olechnowicz,golechnowiczl@networkadvertising.org,8700
01GWGRTQBXM5CS0RGACPMHKRVG,2022-05-27,Jeanelle Garcia,Jeanelle,Garcia,jgarciam@nydailynews.com,5700
01GWGRTQC1S5HYXEK6F8FNVP82,2022-03-15,Sam Physick,Sam,Physick,sphysickn@stumbleupon.com,7000
01GWGRTQC5D6QK05Q9A625N7DZ,2022-05-12,Philippe Burdell,Philippe,Burdell,pburdello@vk.com,5000
01GWGRTQCABK80YPDSVXBZBFKZ,2022-01-26,Nikolaos Janouch,Nikolaos,Janouch,njanouchp@redcross.org,5500
01GWGRTQCE0WK0B0RQM2HAGX33,2022-09-18,Mari Kloska,Mari,Kloska,mkloskaq@exblog.jp,9800
01GWGRTQCJFET52BK5NGTPBMM1,2022-02-23,Sam Charville,Sam,Charville,scharviller@liveinternet.ru,5100
01GWGRTQCQD10M15TNGKKT6KG0,2022-08-28,Billy Headech,Billy,Headech,bheadechs@cdbaby.com,10000
01GWGRTQCVEBCT08C4Y4ZKBF85,2022-08-11,Caron McDuff,Caron,McDuff,cmcdufft@hugedomains.com,9000
01GWGRTQCZAJN4XWZR8YPYC2CJ,2022-10-03,Agnella Archdeckne,Agnella,Archdeckne,aarchdeckneu@unc.edu,8600
01GWGRTQD3ZK8Z0F0SS1EECBJ7,2022-02-27,Jesse Guillerman,Jesse,Guillerman,jguillermanv@com.com,5100
01GWGRTQD85DMSHSEFWW335FWM,2022-12-04,Thekla Burnside,Thekla,Burnside,tburnsidew@reddit.com,6700
01GWGRTQDCWTH7PAPG8AEZE1NG,2022-03-05,Mitchel Francescozzi,Mitchel,Francescozzi,mfrancescozzix@digg.com,8800
01GWGRTQDGSMHQ0TZGFH2SM7HE,2022-04-26,Conant Higgan,Conant,Higgan,chiggany@loc.gov,7800
01GWGRTQDM0YPHPKF9T9JY3TJ3,2022-09-28,Kata Worral,Kata,Worral,kworralz@mlb.com,9100
01GWGRTQDSH1N4211XKZ02VBX3,2022-02-08,Muffin Frankcomb,Muffin,Frankcomb,mfrankcomb10@stumbleupon.com,5200
01GWGRTQDXVKG005A2V52D58CK,2022-06-21,Alli Elms,Alli,Elms,aelms11@stanford.edu,5000
01GWGRTQE2Z23M3AWQV3JJSFAM,2022-12-01,Basia Ozelton,Basia,Ozelton,bozelton12@fema.gov,6400
01GWGRTQE7J2YZC5DAH0C937BC,2022-08-21,Amery Sylett,Amery,Sylett,asylett13@google.it,9400
01GWGRTQECTHSM0BKWWXCWBNHM,2023-03-02,Jacky Dopson,Jacky,Dopson,jdopson14@fda.gov,8400
01GWGRTQEHGP3K3GS21WCYCEAQ,2022-06-16,Wernher Vaskin,Wernher,Vaskin,wvaskin15@smugmug.com,6100
01GWGRTQEPGQPP91RJGD809D8J,2022-04-10,Jenda Bumby,Jenda,Bumby,jbumby16@nytimes.com,7100
01GWGRTQF3K5V35AB7M7YQSM95,2022-07-25,Kathryn Peatman,Kathryn,Peatman,kpeatman17@wikimedia.org,6200
01GWGRTQFBW2WQ783Q5AZKTHYS,2023-02-26,Ludovika Wray,Ludovika,Wray,lwray18@phoca.cz,5800
01GWGRTQFHXSW1WG87EZ5W5AGG,2022-06-09,Benjamen Masseo,Benjamen,Masseo,bmasseo19@home.pl,5600
01GWGRTQFSF9B25DB43YF9GV7A,2022-01-16,Prescott Sangra,Prescott,Sangra,psangra1a@reddit.com,7200
01GWGRTQFZ2H4ZFW185CYQYAQD,2023-01-07,Ezekiel Sahnow,Ezekiel,Sahnow,esahnow1b@usa.gov,5800
01GWGRTQG51W7QAPTGM4BJZVBR,2022-06-27,Kate Innocent,Kate,Innocent,kinnocent1c@goo.gl,8300
01GWGRTQGEZS5HXDAA97887WK7,2022-03-23,Luis Richardet,Luis,Richardet,lrichardet1d@europa.eu,5400
01GWGRTQGJT71387DNF7977WRT,2022-01-28,Salome Tiner,Salome,Tiner,stiner1e@hibu.com,8200
01GWGRTQGQ51WAAB5YW3YBHSZ5,2022-11-03,Kearney Kohnen,Kearney,Kohnen,kkohnen1f@jugem.jp,9500
01GWGRTQGVX30AGZE3ZMT4A9TR,2022-11-23,John Gothrup,John,Gothrup,jgothrup1g@cnn.com,7700
01GWGRTQH0W11NVR5KRCYQZ8P2,2023-01-17,Roch Lente,Roch,Lente,rlente1h@dailymotion.com,7400
01GWGRTQH46HB9HM70H8F109X3,2022-03-30,Shelagh Nutkin,Shelagh,Nutkin,snutkin1i@cocolog-nifty.com,6800
01GWGRTQH8QXJ703H89TT9KFPJ,2022-07-17,Erek Gaymar,Erek,Gaymar,egaymar1j@cnet.com,7300
01GWGRTQHFV3ZW42ADC0Y7PDES,2022-04-11,Jayme Moiser,Jayme,Moiser,jmoiser1k@nbcnews.com,8900
01GWGRTQHKR9FE9VTZ1RRZB5PV,2022-07-09,Alana Pierri,Alana,Pierri,apierri1l@bing.com,5300
01GWGRTQHT74Y338YW8MPG6T6S,2022-03-29,Lavinia Shannahan,Lavinia,Shannahan,lshannahan1m@harvard.edu,6400
01GWGRTQJ030A2B785Y42GFQHE,2022-10-30,Obed Newvill,Obed,Newvill,onewvill1n@usa.gov,7800
01GWGRTQJ5T1VHZ27NA9Q1N3GS,2022-01-19,Jedidiah Dunster,Jedidiah,Dunster,jdunster1o@indiegogo.com,9900
01GWGRTQJ9KP98R56FME2DZJPG,2022-03-05,Ruthy McDuffie,Ruthy,McDuffie,rmcduffie1p@engadget.com,8400
01GWGRTQJESVNXGWAWGY5CMJXY,2022-03-06,Jeanne Bugdell,Jeanne,Bugdell,jbugdell1q@github.com,5300
01GWGRTQJP0G9XPRHAAEBNQXSC,2022-04-09,Teodoro Reijmers,Teodoro,Reijmers,treijmers1r@apple.com,6900
01GWGRTQJT1EXKV2W9HA8JGQNP,2023-01-14,Hyacinthe Gomar,Hyacinthe,Gomar,hgomar1s@amazon.com,9200
01GWGRTQJYMZWMGRJEPDZRNQMR,2023-02-16,Garvey Mattosoff,Garvey,Mattosoff,gmattosoff1t@rakuten.co.jp,9900
01GWGRTQK3RC59PGVVPW9TJWTS,2022-07-07,Hermann Biggs,Hermann,Biggs,hbiggs1u@smugmug.com,6000
01GWGRTQK7G0G0N296004HVJTZ,2022-02-18,Ludovico Rivelin,Ludovico,Rivelin,lrivelin1v@bravesites.com,7900
01GWGRTQKBGPD3B9H89QHG7EPH,2022-09-16,Keelby Bothwell,Keelby,Bothwell,kbothwell1w@squarespace.com,8800
01GWGRTQKEV9KJGJQ19AZS63HM,2023-03-16,Ursa Iacovozzo,Ursa,Iacovozzo,uiacovozzo1x@dailymail.co.uk,9000
01GWGRTQKHNXAKD0M6M6B6VW03,2022-09-20,Merrill Murrison,Merrill,Murrison,mmurrison1y@huffingtonpost.com,6900
01GWGRTQKPX7MJ2RQ2BGKSA7EZ,2022-03-07,Leisha Matys,Leisha,Matys,lmatys1z@marriott.com,8300
01GWGRTQKTJ252ZQHPTKPV0A5J,2022-05-24,Grier Whiffin,Grier,Whiffin,gwhiffin20@amazon.com,7500
01GWGRTQKYZ1P88AMPQ4636HRD,2023-02-23,Fulvia Merriott,Fulvia,Merriott,fmerriott21@europa.eu,9300
01GWGRTQM38N533D3822F7PZ94,2023-03-15,Matthieu Spollen,Matthieu,Spollen,mspollen22@typepad.com,6400
01GWGRTQM7MZ3NRPNYCSQ7NKXA,2022-08-28,Debor Molohan,Debor,Molohan,dmolohan23@opensource.org,8500
01GWGRTQMC7WVPTJ7V2R6HTCMY,2023-01-19,Tonie De Normanville,Tonie,De Normanville,tde24@lycos.com,8000
01GWGRTQMFMK82J4HZ13BNG1B4,2022-02-23,Theresita McFayden,Theresita,McFayden,tmcfayden25@fc2.com,6900
01GWGRTQMKZVC4Q5BR42KD0HYD,2022-06-20,Kimberlee Ivanyutin,Kimberlee,Ivanyutin,kivanyutin26@naver.com,8700
01GWGRTQMQ4XM0YXH16FWHYDWN,2022-07-31,Marena Cholonin,Marena,Cholonin,mcholonin27@china.com.cn,6200
01GWGRTQMV847ES383CBCBTMGN,2023-03-01,Cole Coughtrey,Cole,Coughtrey,ccoughtrey28@ycombinator.com,8000
01GWGRTQMZSGP8BYDV7GY8MMJF,2022-11-19,Fielding Keedwell,Fielding,Keedwell,fkeedwell29@ovh.net,10000
01GWGRTQN3KP6D1VNFFSBDEHAR,2022-11-18,Dolley Bromfield,Dolley,Bromfield,dbromfield2a@mapy.cz,5900
01GWGRTQN7849944C7GKANW5GW,2022-02-15,Shane Stieger,Shane,Stieger,sstieger2b@free.fr,5100
01GWGRTQNCEDQH4Q5TDESBWF3S,2022-10-29,Kitty Dyment,Kitty,Dyment,kdyment2c@squarespace.com,5600
01GWGRTQNGHW33EEAPMWJKJB1H,2022-09-27,Xenia Esselen,Xenia,Esselen,xesselen2d@census.gov,7700
01GWGRTQNNHYR2JETXBK7TVBGP,2022-11-06,Trenna Montacute,Trenna,Montacute,tmontacute2e@hc360.com,7900
01GWGRTQNS5YADZD2RKBWTA912,2023-02-10,Cozmo Maryan,Cozmo,Maryan,cmaryan2f@nsw.gov.au,7600
01GWGRTQNXXRBYSQ3VWVQBS2VC,2022-06-08,Bernie Shoemark,Bernie,Shoemark,bshoemark2g@ask.com,5400
01GWGRTQP0P4RN9SSJQ6VJMHF6,2022-07-18,Ewell Donet,Ewell,Donet,edonet2h@so-net.ne.jp,5300
01GWGRTQP582RRQ3BF8D00EZ3W,2022-01-15,Shelby Woodroofe,Shelby,Woodroofe,swoodroofe2i@engadget.com,9600
01GWGRTQP97QSZ6QWBZ5KKS01B,2022-04-24,Tadeas Brombell,Tadeas,Brombell,tbrombell2j@hibu.com,10000
01GWGRTQPEGHSPVYFM8684WA82,2022-09-05,Gay Yexley,Gay,Yexley,gyexley2k@ft.com,7700
01GWGRTQPJ8352T8MACN52PFR2,2022-12-07,Laurent Growcott,Laurent,Growcott,lgrowcott2l@quantcast.com,7200
01GWGRTQPP491NTKM4Q37HEN24,2022-01-28,Ursala Ciobutaro,Ursala,Ciobutaro,uciobutaro2m@howstuffworks.com,7100
01GWGRTQPTFBCJ4KVYW8TRHMXH,2022-02-22,Chadd Sheara,Chadd,Sheara,csheara2n@naver.com,8500
01GWGRTQPYABEDKMNGWA6CJYGE,2022-08-11,Mendel Ginty,Mendel,Ginty,mginty2o@columbia.edu,5700
01GWGRTQQ33V2Y1AYFR84MJV6P,2022-07-04,Vitia Strothers,Vitia,Strothers,vstrothers2p@indiatimes.com,7500
01GWGRTQQ7CMJSF7JR60K8RRRG,2022-04-21,Jorey Huskinson,Jorey,Huskinson,jhuskinson2q@altervista.org,9300
01GWGRTQQATKRJDB203JCF9E5G,2022-08-25,Esther Douthwaite,Esther,Douthwaite,edouthwaite2r@blogs.com,5200
01GWGRTQQESZ9KTEM9HYYHKR35,2023-02-15,Itch Huelin,Itch,Huelin,ihuelin2s@answers.com,6200
01GWGRTQQJZRC4D0W73V83T5MG,2022-05-06,Marillin Simpson,Marillin,Simpson,msimpson2t@vk.com,5800
01GWGRTQQQJ94B2V1DT50ZRNPP,2022-01-17,Marice Mordacai,Marice,Mordacai,mmordacai2u@flavors.me,6900
01GWGRTQQV7P6SRK2SR67Y9184,2023-01-02,Wittie Whopples,Wittie,Whopples,wwhopples2v@wired.com,7200
01GWGRTQQZJAR9TY79WQAVNS0D,2022-11-06,Baron Decort,Baron,Decort,bdecort2w@cam.ac.uk,7400
01GWGRTQR3N25184JQH314G6Q1,2022-09-22,Shannon Brettelle,Shannon,Brettelle,sbrettelle2x@geocities.jp,9100
01GWGRTQR76H8TFVRV8WXZ4BR5,2022-06-06,Wat Thurman,Wat,Thurman,wthurman2y@gov.uk,5100
01GWGRTQRBDCN7W8ZGQYKMRR7D,2022-07-18,Willis Rispine,Willis,Rispine,wrispine2z@istockphoto.com,7200
01GWGRTQRFWHF1BTMD1EWM5F6K,2022-12-26,Cicely Gisbye,Cicely,Gisbye,cgisbye30@wunderground.com,7500
01GWGRTQRKK71G77Q5TMEKZF38,2022-02-15,Alvis Bascomb,Alvis,Bascomb,abascomb31@hatena.ne.jp,8500
01GWGRTQRPACKD3MQWBR7ESV1A,2022-02-26,Beverly Felmingham,Beverly,Felmingham,bfelmingham32@meetup.com,5200
01GWGRTQRTF9F9Q25ZPNJYWRYF,2023-03-20,Lari Allbut,Lari,Allbut,lallbut33@latimes.com,7500
01GWGRTQRZGXSPSQS4N1HPZRZP,2022-01-14,Shermy Rowbrey,Shermy,Rowbrey,srowbrey34@mediafire.com,9000
01GWGRTQS3DCES0YA3RSYDEHNS,2022-10-12,Rey Farquhar,Rey,Farquhar,rfarquhar35@clickbank.net,9600
01GWGRTQS8WNH16KMC15VABWV2,2023-03-18,Willa Stanhope,Willa,Stanhope,wstanhope36@studiopress.com,5200
01GWGRTQSCKQAR6FVT4JFWA1DM,2023-02-18,Lari Poleykett,Lari,Poleykett,lpoleykett37@oaic.gov.au,5300
01GWGRTQSGNR9NVRBJ9C9FFM30,2023-01-08,Pepi Bengtson,Pepi,Bengtson,pbengtson38@comcast.net,5000
01GWGRTQSMA72D4EKAFC5K0SK1,2023-01-22,Selene Tollit,Selene,Tollit,stollit39@cloudflare.com,6800
01GWGRTQSS65JCQ89TG8XF48BR,2022-02-17,Matthieu Le Claire,Matthieu,Le Claire,mle3a@baidu.com,7700
01GWGRTQSX36GMJ39ARV2M8J61,2022-10-08,Dania Morrott,Dania,Morrott,dmorrott3b@odnoklassniki.ru,5600
01GWGRTQT16EZSHMXBQAF9HFTE,2022-04-10,Udale Fullstone,Udale,Fullstone,ufullstone3c@simplemachines.org,9300
01GWGRTQT5RNQEP9QJ6PJNPHG7,2023-02-12,Chalmers Daltrey,Chalmers,Daltrey,cdaltrey3d@freewebs.com,5200
01GWGRTQTANTH10JZKV7H45R9Y,2023-02-07,Kameko Wellbelove,Kameko,Wellbelove,kwellbelove3e@prlog.org,9300
01GWGRTQY24CSC2FGDPBF5MABA,2022-01-13,Kaia Roderighi,Kaia,Roderighi,kroderighi3f@archive.org,6300
01GWGRTQY7PN2PXDYA575W3FCE,2023-02-19,Kathi Brassill,Kathi,Brassill,kbrassill3g@google.nl,7600
01GWGRTQYC7RVC8RGK2ZZC1JD0,2022-11-14,Meghann Offiler,Meghann,Offiler,moffiler3h@t.co,5600
01GWGRTQYJ8PXK6TSVR54ZGT42,2022-01-14,Micheal Metcalf,Micheal,Metcalf,mmetcalf3i@dedecms.com,8300
01GWGRTQYP28TK6GXHHCPXYQCR,2022-01-30,Carmel Boissier,Carmel,Boissier,cboissier3j@psu.edu,6900
01GWGRTQYTVZ566J7C1KGK6B8J,2022-04-30,Saxe Mayhead,Saxe,Mayhead,smayhead3k@businessinsider.com,7600
01GWGRTQYZC60Q2QFMMNQFE1HK,2023-03-04,Sallyanne Cope,Sallyanne,Cope,scope3l@google.nl,6900
01GWGRTQZ38XH3FKP20GMCG8W0,2022-02-25,Giuditta Claiden,Giuditta,Claiden,gclaiden3m@vinaora.com,7000
01GWGRTQZ882V9PRPPF8MX5TCF,2023-03-12,Brendin Davley,Brendin,Davley,bdavley3n@tinypic.com,8500
01GWGRTQZCZBYSWWZPVZ2HSKTF,2023-01-31,Guillermo Cragoe,Guillermo,Cragoe,gcragoe3o@gizmodo.com,7900
01GWGRTQZGW5737VTCETC4J86F,2023-01-04,Greer Gibbetts,Greer,Gibbetts,ggibbetts3p@tiny.cc,8300
01GWGRTQZN827F3B692GYC76E7,2022-02-21,Averell Parnham,Averell,Parnham,aparnham3q@answers.com,7700
01GWGRTQZS2BVFF1YJC5DJARXG,2022-04-09,Anthiathia Egginton,Anthiathia,Egginton,aegginton3r@ocn.ne.jp,6900
01GWGRTQZY0RWH3Z2ZGA109VY3,2022-10-27,Gabbi Kollas,Gabbi,Kollas,gkollas3s@nature.com,8900
01GWGRTR02N68CQJGAKRQS8STH,2022-01-02,Fraser Lackner,Fraser,Lackner,flackner3t@drupal.org,8800
01GWGRTR06G1G638VC5RF3W6GK,2022-10-12,Thorpe Zimmermanns,Thorpe,Zimmermanns,tzimmermanns3u@wsj.com,6600
01GWGRTR0BQM29P0A73GYPYXN8,2022-08-13,Vyky Enright,Vyky,Enright,venright3v@mayoclinic.com,9000
01GWGRTR0F1VCBGQDCPYXHR5ZS,2022-04-17,Myrvyn Beeching,Myrvyn,Beeching,mbeeching3w@mapquest.com,6600
01GWGRTR0MR5TBSXT9EZ1Z2MNH,2022-06-19,Otes Eccott,Otes,Eccott,oeccott3x@trellian.com,5500
01GWGRTR0SQZD9VHEKMYZYQM6F,2022-02-23,Laural Baumler,Laural,Baumler,lbaumler3y@livejournal.com,7300
01GWGRTR0X9ZS7C8PDR8HFVJ3Y,2022-02-24,Anny Purviss,Anny,Purviss,apurviss3z@tinyurl.com,6200
01GWGRTR102G92AD59YPAAYAEY,2022-10-13,Caddric Beurich,Caddric,Beurich,cbeurich40@marriott.com,7100
01GWGRTR141GTD18HRNTFF1FDY,2023-01-26,Stephannie Chritchley,Stephannie,Chritchley,schritchley41@yellowbook.com,9900
01GWGRTR18JE4AFA4SEMPTSJFT,2022-12-14,Pietra Rockcliffe,Pietra,Rockcliffe,prockcliffe42@yale.edu,5100
01GWGRTR1CHB8GW2857FFR602B,2022-03-16,Ofelia Lidgertwood,Ofelia,Lidgertwood,olidgertwood43@behance.net,5500
01GWGRTR1HSP0GKW3R4EKE6ZKF,2022-03-06,Garvey Polycote,Garvey,Polycote,gpolycote44@imgur.com,8800
01GWGRTR1NGY7K5KK3Y4XW7V9B,2022-11-26,Celia Grimbleby,Celia,Grimbleby,cgrimbleby45@angelfire.com,5300
01GWGRTR1RQQD62S8H36241STQ,2022-12-08,Franny Cumbridge,Franny,Cumbridge,fcumbridge46@independent.co.uk,7300
01GWGRTR1XTDS4MMJ4HPWQW7JV,2022-04-10,Paloma Kaszper,Paloma,Kaszper,pkaszper47@google.it,8400
01GWGRTR201CQMV13XHJ8EZB7S,2022-01-24,Vlad Leadbeater,Vlad,Leadbeater,vleadbeater48@intel.com,5600
01GWGRTR25E7XP8DG6RBPJFK0X,2022-07-27,Nathanial Rodders,Nathanial,Rodders,nrodders49@admin.ch,8100
01GWGRTR294JY0W7A7VQYABRDP,2022-07-30,Callean Salomon,Callean,Salomon,csalomon4a@dailymotion.com,7100
01GWGRTR2DJT6KYX5WAYE0H5WD,2022-03-09,Syman Twiggs,Syman,Twiggs,stwiggs4b@princeton.edu,8200
01GWGRTR2GC5ZZ7BBFCCK0SK3P,2022-04-10,Burk Enderwick,Burk,Enderwick,benderwick4c@va.gov,6000
01GWGRTR2K6E1VYTSXC7KFPDR9,2022-12-27,Johnnie Goodanew,Johnnie,Goodanew,jgoodanew4d@moonfruit.com,7300
01GWGRTR2PTE3WRNDCHFP57VMQ,2022-10-07,Kelli Beche,Kelli,Beche,kbeche4e@mac.com,5600
01GWGRTR2SZRHZZY486MFPS0ZK,2022-10-11,Reese Demoge,Reese,Demoge,rdemoge4f@hud.gov,5000
01GWGRTR2X89G87XYC4TDEWXE3,2022-05-01,Maisey Smurfitt,Maisey,Smurfitt,msmurfitt4g@baidu.com,9200
01GWGRTR31X292XHAFP8FJNAN7,2022-02-08,Roanne Ezele,Roanne,Ezele,rezele4h@jimdo.com,5900
01GWGRTR34ZG6ZDQW24RF7PD1M,2022-09-30,Desi Cornall,Desi,Cornall,dcornall4i@spiegel.de,8600
01GWGRTR389H6DSYTZ6WGZ430F,2022-12-28,Chandler Sedgemond,Chandler,Sedgemond,csedgemond4j@intel.com,8900
01GWGRTR3DWC730517N5EXVMGH,2022-09-09,Kelley Blenkensop,Kelley,Blenkensop,kblenkensop4k@unicef.org,5300
01GWGRTR3G6DF7DQS4CMTCX2SE,2023-01-29,Jody Plumptre,Jody,Plumptre,jplumptre4l@imgur.com,5400
01GWGRTR3MJEDSG3CYKBZ3NVCS,2022-10-17,Nat Bassindale,Nat,Bassindale,nbassindale4m@accuweather.com,8600
01GWGRTR3RZCJ8D4M57EXBNP3A,2023-03-02,Modestia Bourges,Modestia,Bourges,mbourges4n@live.com,6000
01GWGRTR3W1JG9C7FSVXKGR3PB,2022-12-21,Tito De Lasci,Tito,De Lasci,tde4o@sbwire.com,9100
01GWGRTR3ZBW33MYCHKCFVFSQ9,2022-12-04,Joane Jedras,Joane,Jedras,jjedras4p@purevolume.com,8700
01GWGRTR41QSBHYH5Q6M4S8KS2,2023-03-24,Charles Gilson,Charles,Gilson,cgilson4q@mtv.com,5100
01GWGRTR45E7KXBN1PH5VT9WZ9,2022-03-10,Lavina Niese,Lavina,Niese,lniese4r@businesswire.com,9400
01GWGRTR490Y6FMXMHRNESEX61,2023-01-10,Heinrick Blumfield,Heinrick,Blumfield,hblumfield4s@wordpress.com,9800
01GWGRTR4D2C2XREHZGH38Y4TT,2022-10-09,Merna Kabsch,Merna,Kabsch,mkabsch4t@slideshare.net,9200
01GWGRTR4H3R62XN3KDH2XQWE9,2022-09-14,Richardo Egan,Richardo,Egan,regan4u@adobe.com,9700
01GWGRTR4N9BN5R325S2YSAJ10,2022-07-24,Gene Stewartson,Gene,Stewartson,gstewartson4v@xinhuanet.com,6600
01GWGRTR4R21QP32845M5WDWK0,2022-01-15,Dorthy Stolze,Dorthy,Stolze,dstolze4w@economist.com,9600
01GWGRTR4VCA7Y3AT2EP7QF4ND,2022-10-24,Jdavie O' Cloney,Jdavie,O' Cloney,jo4x@cnn.com,8100
01GWGRTR4ZCNKAWX2AH71XGR5R,2022-02-05,Sallyanne Fasham,Sallyanne,Fasham,sfasham4y@domainmarket.com,5600
01GWGRTR52W5CA2X5148BYW7SD,2022-06-17,Happy Crossan,Happy,Crossan,hcrossan4z@nature.com,6400
01GWGRTR56SM45A2Z0Y4XQYRC8,2022-01-17,Shannan Tupling,Shannan,Tupling,stupling50@scribd.com,5400
01GWGRTR592X3RJSTDRJH7AG0D,2022-05-30,Rebbecca Mottram,Rebbecca,Mottram,rmottram51@free.fr,7800
01GWGRTR5D743FG5193CQCEJXH,2022-07-21,Hadleigh Maundrell,Hadleigh,Maundrell,hmaundrell52@oracle.com,7000
01GWGRTR5HEEVXPEG90ZPP8S0N,2022-07-04,Rania Targetter,Rania,Targetter,rtargetter53@dell.com,8700
01GWGRTR5MJXKV40CD8NKHVH2E,2023-01-03,Harri Fodden,Harri,Fodden,hfodden54@constantcontact.com,7500
01GWGRTR5S40YKWN6DFMBWZ0W1,2022-01-02,Thorndike Kuhl,Thorndike,Kuhl,tkuhl55@mashable.com,9200
01GWGRTR5WSKQ6HJ4YB1AYYRZF,2022-07-31,Regine Rippingall,Regine,Rippingall,rrippingall56@ebay.co.uk,7100
01GWGRTR60NBYXKFMYEQRX9FBM,2022-12-01,Gretchen Whitland,Gretchen,Whitland,gwhitland57@oracle.com,7300
01GWGRTR63A4K4QJFTPNJ3ZG6E,2023-01-09,Sutherlan Consterdine,Sutherlan,Consterdine,sconsterdine58@bbc.co.uk,9800
01GWGRTR67584N3VDWCX23D15P,2023-01-27,Kermie Tew,Kermie,Tew,ktew59@bbb.org,6100
01GWGRTR6A2AF1B68XB6VMC3AJ,2023-03-19,Carol Ramsier,Carol,Ramsier,cramsier5a@usgs.gov,8900
01GWGRTR6EZZ30FP6Y5CE3B72T,2022-01-02,Meredith Throughton,Meredith,Throughton,mthroughton5b@a8.net,5700
01GWGRTR6HM88GY2RAN5VQ5RH9,2022-02-18,Abeu Roddick,Abeu,Roddick,aroddick5c@apache.org,8400
01GWGRTR6NMRC36Z9TYJT9WGD8,2022-08-06,Sheena Mundford,Sheena,Mundford,smundford5d@histats.com,6900
01GWGRTR6RXBFFQ8G09MHA3QGN,2023-01-01,Calli Duerden,Calli,Duerden,cduerden5e@github.com,5400
01GWGRTR6V1TJG2Y5R8NXH8QWT,2022-04-21,Carly Aizikowitz,Carly,Aizikowitz,caizikowitz5f@shinystat.com,8300
01GWGRTR6Z4YX3FFKF31P7QWN1,2022-07-11,Coletta Bevar,Coletta,Bevar,cbevar5g@xrea.com,7800
01GWGRTR726JM6D154BYPKCPSG,2022-06-14,Inglebert Oliff,Inglebert,Oliff,ioliff5h@dailymail.co.uk,7300
01GWGRTR76KQRQVN0PPVEBENNQ,2022-11-21,Jillayne Luckett,Jillayne,Luckett,jluckett5i@yahoo.com,6100
01GWGRTR797QR8067QRK31XJN7,2022-08-25,Trixy Jost,Trixy,Jost,tjost5j@ihg.com,8900
01GWGRTR7CE8DT4QTNNGDS85PX,2023-01-24,Olly Danko,Olly,Danko,odanko5k@bloglines.com,5700
01GWGRTR7GZG1878NK99N7231A,2022-02-12,Hew Pane,Hew,Pane,hpane5l@fotki.com,7600
01GWGRTR7KTSNCRVKY89PAJN9E,2022-01-07,Kaleena Patel,Kaleena,Patel,kpatel5m@princeton.edu,6900
01GWGRTR7QKTYC94TKJ92RND4Q,2023-01-14,Jonas Blaszczak,Jonas,Blaszczak,jblaszczak5n@ucoz.com,8100
01GWGRTR7TBHRQPRMGPPWYMWX3,2022-12-30,Merola Allnatt,Merola,Allnatt,mallnatt5o@goodreads.com,7100
01GWGRTR7YW0K4PG4MGKEGNGDZ,2022-06-15,Pru Tesh,Pru,Tesh,ptesh5p@java.com,8600
01GWGRTR81GENQE4HGHM1ZBAMA,2022-04-24,Maxy Piecha,Maxy,Piecha,mpiecha5q@umn.edu,5200
01GWGRTR85900AFN7ZBFX18T9P,2022-08-21,Cissy Mc Grath,Cissy,Mc Grath,cmc5r@php.net,9000
01GWGRTR8A5SP61C2RDSP3WQTX,2022-12-02,Margareta Remnant,Margareta,Remnant,mremnant5s@illinois.edu,9500
01GWGRTR8EKQK76Z6YDE82ZCMD,2022-12-17,Danell Gai,Danell,Gai,dgai5t@twitter.com,5900
01GWGRTR8HC9ADW8H87W156ZF6,2022-08-27,Fabian Gliddon,Fabian,Gliddon,fgliddon5u@cafepress.com,5700
01GWGRTR8K8P5J4XASRQNFBT08,2022-03-14,Jillayne Hacket,Jillayne,Hacket,jhacket5v@last.fm,9500
01GWGRTR8QM7C5J61QJM0ZPE87,2023-01-05,Marlyn Eykel,Marlyn,Eykel,meykel5w@woothemes.com,9400
01GWGRTR8T5969SB0HSXFHCJG5,2022-08-08,Solly Shale,Solly,Shale,sshale5x@scientificamerican.com,6500
01GWGRTR8YSZ8ZQ1RH04NECWS0,2022-10-11,Savina Cosgriff,Savina,Cosgriff,scosgriff5y@cisco.com,5300
01GWGRTR91V0VP0652J7WYAY9V,2022-09-27,Stuart Minghella,Stuart,Minghella,sminghella5z@uiuc.edu,7800
01GWGRTR94NRZMEV6Q88V8N90Y,2022-09-02,Leanor Codd,Leanor,Codd,lcodd60@bbc.co.uk,8800
01GWGRTR97CZT4NSMVZ5CXXG5G,2023-01-27,Corri Paprotny,Corri,Paprotny,cpaprotny61@hc360.com,9500
01GWGRTR9B7KGE5RQV3RW6WW87,2022-10-25,Fleur Chidley,Fleur,Chidley,fchidley62@canalblog.com,8900
01GWGRTR9EFCGJFRZPXNFM4QVW,2022-03-14,Dev Croasdale,Dev,Croasdale,dcroasdale63@craigslist.org,7100
01GWGRTR9J2WT7Q5NZSG8KK0C1,2022-11-26,Corrine Smead,Corrine,Smead,csmead64@aol.com,9100
01GWGRTR9PZKPCE1V6K8MCPENY,2022-04-05,Cheryl Valsler,Cheryl,Valsler,cvalsler65@sbwire.com,8700
01GWGRTR9VKHRT1QD4FCB8HCG7,2022-04-16,Yovonnda Symones,Yovonnda,Symones,ysymones66@simplemachines.org,8100
01GWGRTR9ZVATRN84FXFRSEF5M,2022-01-30,Humfrid Leupoldt,Humfrid,Leupoldt,hleupoldt67@engadget.com,9300
01GWGRTRA34VCCE5MPTPEN158P,2022-12-17,Ammamaria McGhie,Ammamaria,McGhie,amcghie68@reference.com,5300
01GWGRTRB1Z4GAX52Z7QKZYFHD,2022-03-07,Johnathon Gamlin,Johnathon,Gamlin,jgamlin69@51.la,8100
01GWGRTRB56S8QFFGMVEYNV75F,2022-06-29,Kayle Benneton,Kayle,Benneton,kbenneton6a@hc360.com,7000
01GWGRTRBAR3MS564X262EQPR4,2023-02-12,Danny Marley,Danny,Marley,dmarley6b@jimdo.com,6200
01GWGRTRBGJ7RCR5DDTQPCT8FA,2022-05-18,Rikki Gregorio,Rikki,Gregorio,rgregorio6c@ning.com,9000
01GWGRTRBNB62S2SAXJJRYZJ6J,2022-08-31,Cullin Suddock,Cullin,Suddock,csuddock6d@wp.com,9100
01GWGRTRBW50AGXPK5QM21FK4E,2022-06-22,Shayna Marsy,Shayna,Marsy,smarsy6e@economist.com,8200
01GWGRTRC152ZZK3FKXT8AZZPA,2022-04-12,Crysta Ware,Crysta,Ware,cware6f@gizmodo.com,6800
01GWGRTRC69PZZT37GRS2VXCA9,2022-08-29,Eleonore Turban,Eleonore,Turban,eturban6g@marriott.com,9100
01GWGRTRCAPF7Q15A25CNRRHYX,2023-02-21,Olimpia Dumini,Olimpia,Dumini,odumini6h@nyu.edu,9700
01GWGRTRCF873MA0MJRPE1KTEZ,2022-02-21,Charline Emblow,Charline,Emblow,cemblow6i@msn.com,6700
01GWGRTRCKF7PTYQWYY9BCC5PQ,2022-03-09,Reinaldos Schultze,Reinaldos,Schultze,rschultze6j@theglobeandmail.com,9200
01GWGRTRCRRG4PGKSE0CWSF9MW,2022-12-06,Kylie Sheryn,Kylie,Sheryn,ksheryn6k@themeforest.net,8500
01GWGRTRCXGKV2DV0RRFCQE5RS,2022-04-15,Stacy O'Mailey,Stacy,O'Mailey,somailey6l@over-blog.com,7300
01GWGRTRD5XR80YJ7DX9C2FHK4,2022-02-28,Layney Stelli,Layney,Stelli,lstelli6m@1und1.de,9300
01GWGRTRDC5GMMM8HRW2XREKB4,2022-08-15,Leeann Gillard,Leeann,Gillard,lgillard6n@cbc.ca,8400
01GWGRTRDGSJB12F84859AB4BZ,2022-12-07,Atlanta Bazelle,Atlanta,Bazelle,abazelle6o@utexas.edu,8400
01GWGRTRDMBR8GDZEYEESP3B93,2022-06-06,Demetria Kryszka,Demetria,Kryszka,dkryszka6p@multiply.com,5200
01GWGRTRDSNHCHAVX9D9NCF1W8,2022-12-24,Ricki Curzon,Ricki,Curzon,rcurzon6q@vistaprint.com,6800
01GWGRTRDXCGF41FCS3NQ4V3KY,2023-02-28,Gerhardine Ingerfield,Gerhardine,Ingerfield,gingerfield6r@mapy.cz,9500
01GWGRTRE1VBFS4XYE2X1WDRQ5,2023-01-08,Joane Nunson,Joane,Nunson,jnunson6s@mozilla.org,5700
01GWGRTRE5EBQ0SZ6D2C5466N2,2022-03-28,Millie Miguel,Millie,Miguel,mmiguel6t@wisc.edu,7100
01GWGRTRE9A2S6T6X5ZMK34WNT,2023-03-25,Neill Knoton,Neill,Knoton,nknoton6u@nps.gov,7200
01GWGRTREDETK415745NX68TVF,2023-03-20,Ansley Felix,Ansley,Felix,afelix6v@reference.com,5400
01GWGRTREJTR7PDCG0B3FMEMS8,2022-09-27,Phillis Justis,Phillis,Justis,pjustis6w@mayoclinic.com,9600
01GWGRTRES4VRXYVPPAMJVQRVC,2023-03-05,Micki Dalziell,Micki,Dalziell,mdalziell6x@wisc.edu,5500
01GWGRTRF1VKAKV62X30N767JP,2023-01-20,Alphard Yockley,Alphard,Yockley,ayockley6y@theatlantic.com,5300
01GWGRTRF5546G466QH8KAZ6BS,2022-03-23,Colan Wayt,Colan,Wayt,cwayt6z@blogspot.com,7400
01GWGRTRFAX2ZPFB3BXWCT4NQD,2022-04-16,Emile Pirson,Emile,Pirson,epirson70@wsj.com,8200
01GWGRTRFENHCZ27CB7SKGZ0SW,2022-09-04,Nannette Farmer,Nannette,Farmer,nfarmer71@stanford.edu,9500
01GWGRTRFK1ABMD48SXB0AB0RH,2022-02-07,Chadwick Liccardi,Chadwick,Liccardi,cliccardi72@spotify.com,9700
01GWGRTRFRV17DF4BP1MJ1A611,2023-01-23,Edan Vedenyapin,Edan,Vedenyapin,evedenyapin73@nytimes.com,9000
01GWGRTRFW9RJ2JD57P89FGZ32,2022-07-11,Lester Crosland,Lester,Crosland,lcrosland74@sogou.com,6800
01GWGRTRG0ABWQJXB3NRY6XA36,2022-08-01,Brunhilde Cristoferi,Brunhilde,Cristoferi,bcristoferi75@icq.com,5300
01GWGRTRG5HA2G05TT0H3E54ZD,2022-02-05,Ailyn Iannetti,Ailyn,Iannetti,aiannetti76@deliciousdays.com,6600
01GWGRTRG92420YPZT78DP6551,2023-02-16,Laryssa Eayrs,Laryssa,Eayrs,leayrs77@arstechnica.com,9300
01GWGRTRGDW5VVWTGBNDREZ27T,2022-08-14,Melisande Bentall,Melisande,Bentall,mbentall78@jugem.jp,9000
01GWGRTRGKZWFZM1S1ZJA872QK,2023-02-24,Danyelle Gorries,Danyelle,Gorries,dgorries79@epa.gov,7500
01GWGRTRGRYRQHYGD5JD49ES7Z,2022-03-02,Thane Kemet,Thane,Kemet,tkemet7a@hexun.com,5400
01GWGRTRGWQAN79MPZTT3X0C0Y,2022-07-14,Darn Eisak,Darn,Eisak,deisak7b@theatlantic.com,9400
01GWGRTRH182BSD21TANSWAN0F,2022-09-01,Morris Albrooke,Morris,Albrooke,malbrooke7c@hibu.com,6500
01GWGRTRH702523B4T5BXWE7DN,2023-02-04,Roland Baress,Roland,Baress,rbaress7d@house.gov,5800
01GWGRTRHC0E08PA4S6QAFMQF9,2022-08-20,Tabor Cammack,Tabor,Cammack,tcammack7e@bandcamp.com,7000
01GWGRTRHHYV9PDKKZQY7XE0PW,2022-07-07,Morena Philips,Morena,Philips,mphilips7f@linkedin.com,6600
01GWGRTRHPAWFYR7AWY7GH347X,2022-07-16,Inesita Corkan,Inesita,Corkan,icorkan7g@theguardian.com,10000
01GWGRTRHT7DNXEB88HXHKPT3E,2022-02-06,Kelbee MacPaike,Kelbee,MacPaike,kmacpaike7h@blog.com,7900
01GWGRTRJ03S2FTZT2DVMRKKGN,2023-02-02,Marten Cubbino,Marten,Cubbino,mcubbino7i@yale.edu,9800
01GWGRTRJ75KVF8TPD67V4G135,2023-01-02,Barbi Dorkens,Barbi,Dorkens,bdorkens7j@goo.gl,7000
01GWGRTRJCMHEPYW9XBNHZBJ95,2023-03-06,Leslie Hawkswood,Leslie,Hawkswood,lhawkswood7k@ovh.net,5200
01GWGRTRJGBFEANCBHYGAZJJMD,2023-01-13,Jodee Pittam,Jodee,Pittam,jpittam7l@virginia.edu,7100
01GWGRTRJMT03M07JA7QZT8G17,2022-06-28,Kin Dobney,Kin,Dobney,kdobney7m@angelfire.com,5400
01GWGRTRJTXNHHZFEV2A3QM260,2022-08-15,Vittorio Hubeaux,Vittorio,Hubeaux,vhubeaux7n@mit.edu,10000
01GWGRTRJYA0MECWWZ7BZ6VTXB,2022-09-08,Myrah Jacobowicz,Myrah,Jacobowicz,mjacobowicz7o@topsy.com,6200
01GWGRTRK3YS8V8NTYAQQZ05PH,2022-08-01,Loren Hofner,Loren,Hofner,lhofner7p@census.gov,9200
01GWGRTRK86XH3RJMXHD88X1CG,2022-02-10,Lisette Fydo,Lisette,Fydo,lfydo7q@sciencedaily.com,9900
01GWGRTRKF2T983MDWD7F8ZXH7,2023-03-04,Ivonne Poxson,Ivonne,Poxson,ipoxson7r@amazonaws.com,8400
01GWGRTRKP3ZM5NG7VARQHV9S8,2023-03-22,Ketty Mc Faul,Ketty,Mc Faul,kmc7s@aboutads.info,6100
01GWGRTRKXWPQDBZW0MXX64D70,2022-11-09,Pooh Hearnah,Pooh,Hearnah,phearnah7t@salon.com,8200
01GWGRTRM47GB6SVQF725S2YXS,2022-09-29,Adel Purdy,Adel,Purdy,apurdy7u@eepurl.com,9200
01GWGRTRM8T2JB1QR6HPFKR9RA,2023-03-13,Beale Ogilby,Beale,Ogilby,bogilby7v@cpanel.net,8300
01GWGRTRMCNMV3HFHEEAPX2KWD,2022-04-12,Kristi Plaschke,Kristi,Plaschke,kplaschke7w@alibaba.com,8600
01GWGRTRMH0XNHHY8CJHZBACH6,2022-09-30,Michele Haccleton,Michele,Haccleton,mhaccleton7x@psu.edu,6700
01GWGRTRMNW9H5X4F3F47X3EQE,2022-05-11,Keely Defau,Keely,Defau,kdefau7y@nyu.edu,6700
01GWGRTRMSE9SN4WAK63WXVSAB,2022-09-13,Theda Mortel,Theda,Mortel,tmortel7z@blinklist.com,6700
01GWGRTRMYAVQ9J2Z20FTWS9WV,2022-02-16,Etan Sparkwill,Etan,Sparkwill,esparkwill80@icio.us,6400
01GWGRTRN380B52GG2XN16SHSQ,2022-04-04,Aridatha Sink,Aridatha,Sink,asink81@globo.com,9600
01GWGRTRNBH1CHF1QB86MHV1GG,2022-03-02,Mamie Raitie,Mamie,Raitie,mraitie82@admin.ch,6200
01GWGRTRNH1SSPTX43TVK5A0T6,2022-03-14,Tristan Stiegar,Tristan,Stiegar,tstiegar83@irs.gov,10000
01GWGRTRNP8DZJ3BVDS0AGAJVW,2023-02-14,Lurlene Burgise,Lurlene,Burgise,lburgise84@blogs.com,6800
01GWGRTRNT75HT93FE3TMET27E,2022-04-16,Allison Poynser,Allison,Poynser,apoynser85@paypal.com,6500
01GWGRTRNZZ67YBZ5ZCZ7CY4F6,2022-09-23,Leonelle O' Dornan,Leonelle,O' Dornan,lo86@mlb.com,9200
01GWGRTRP4CZ9YM9JNREZE3G2Q,2022-07-25,Nessi Gladebeck,Nessi,Gladebeck,ngladebeck87@chronoengine.com,9600
01GWGRTRP8DFNE4KRTT6XFCXKD,2022-12-11,Denna Gillise,Denna,Gillise,dgillise88@huffingtonpost.com,8900
01GWGRTRPD3ETSJMTTEVNK77NC,2022-09-09,Vera Heskey,Vera,Heskey,vheskey89@g.co,6000
01GWGRTRPHMSE24Q9F0V50M50C,2022-07-30,Vivianna Schulz,Vivianna,Schulz,vschulz8a@epa.gov,8600
01GWGRTRPNMD0A5NQGGEAJZV7X,2022-12-10,Portia Kenforth,Portia,Kenforth,pkenforth8b@auda.org.au,7600
01GWGRTRPT5DR7GCMX70167BZ4,2022-10-05,Jerrold Hansel,Jerrold,Hansel,jhansel8c@ehow.com,6900
01GWGRTRQ36W6YWMJRWWYRGGCK,2022-10-14,Allen Meineken,Allen,Meineken,ameineken8d@google.cn,8700
01GWGRTRQDSNTRY0KXZPVK3YYR,2022-10-06,Keelby Sherman,Keelby,Sherman,ksherman8e@google.it,9500
01GWGRTRQQNABE02GPKKF894DB,2022-09-05,Myrta Lenchenko,Myrta,Lenchenko,mlenchenko8f@squidoo.com,5600
01GWGRTRR3JBQ6YJW0RM0K5BYC,2022-11-01,Reginauld Milne,Reginauld,Milne,rmilne8g@globo.com,7200
01GWGRTRR8N4JM5GR9EAQQWP2V,2022-07-11,Ashely Shegog,Ashely,Shegog,ashegog8h@theglobeandmail.com,8900
01GWGRTRRDEJ7ZFXD58WEMK1R4,2022-12-27,Stillman Gusney,Stillman,Gusney,sgusney8i@shinystat.com,5500
01GWGRTRRJ5V0EJTVGHJ6XPQKA,2022-11-14,Modesta Pitford,Modesta,Pitford,mpitford8j@1688.com,5400
01GWGRTRRRYP51P38YTKR2V3DH,2022-08-23,Gunter Wiltsher,Gunter,Wiltsher,gwiltsher8k@facebook.com,7000
01GWGRTRRXG0NDNEPG4E5HXPT0,2022-09-22,Lonni Grover,Lonni,Grover,lgrover8l@google.es,5000
01GWGRTRS2ZH5N556FSQ06977P,2022-12-24,Maximilianus Bowmer,Maximilianus,Bowmer,mbowmer8m@flickr.com,7300
01GWGRTRS64JSTA2T3Y6JKXVH8,2022-07-31,Rennie Trulocke,Rennie,Trulocke,rtrulocke8n@usgs.gov,8100
01GWGRTRSAKHVXAYV1APTEFDZK,2022-02-06,Sibelle Geibel,Sibelle,Geibel,sgeibel8o@ft.com,5900
01GWGRTRSE14Y5VSSFE3FJ5Y4Y,2023-02-06,Eden Heilds,Eden,Heilds,eheilds8p@xrea.com,6100
01GWGRTRSJH4CKDCKFACKKX7JQ,2022-07-24,Domini Poolton,Domini,Poolton,dpoolton8q@mashable.com,10000
01GWGRTRSP8CRZ9CCT7M9A6TV5,2022-10-03,Neron Keveren,Neron,Keveren,nkeveren8r@e-recht24.de,9600
01GWGRTRSWTVNGFJFP3SKBS4RD,2022-03-30,Adrienne Jerman,Adrienne,Jerman,ajerman8s@simplemachines.org,5200
01GWGRTRT2ZPMPC48M354V7X33,2023-02-23,Banky Cleaver,Banky,Cleaver,bcleaver8t@ucoz.ru,6900
01GWGRTRT9X4RR087F3DKRH5JS,2022-01-15,Terri-jo Tamburo,Terri-jo,Tamburo,ttamburo8u@t-online.de,10000
01GWGRTRTFGV446YDGFPW44RES,2023-01-22,Chen Evanson,Chen,Evanson,cevanson8v@dailymotion.com,6200
01GWGRTRTNWEH6C2A63RTY1XHZ,2022-03-13,Beilul Constance,Beilul,Constance,bconstance8w@dell.com,6500
01GWGRTRTT31EGXCSR8DX6RZ4K,2022-08-20,Alfons Collihole,Alfons,Collihole,acollihole8x@archive.org,8300
01GWGRTRTXS00QZME5MS0DQPBS,2023-03-24,Farah Shemelt,Farah,Shemelt,fshemelt8y@yelp.com,8100
01GWGRTRV1TC36T9VGNXDV98DR,2022-03-09,Keelby Baddoe,Keelby,Baddoe,kbaddoe8z@cafepress.com,9400
01GWGRTRV5Z5FPKRRR8AHPWVH3,2022-11-05,Virge Kingaby,Virge,Kingaby,vkingaby90@thetimes.co.uk,6600
01GWGRTRV90JR2DCX6MSVDWGGM,2022-12-29,Buck Scougal,Buck,Scougal,bscougal91@eventbrite.com,7900
01GWGRTRVD8S2YWVFMKEBP1RM0,2022-04-06,Malissa Veneur,Malissa,Veneur,mveneur92@webeden.co.uk,6400
01GWGRTRVHW106K1X5SCC0WDPB,2022-02-07,Madlen Ingham,Madlen,Ingham,mingham93@google.es,9100
01GWGRTRVN5HJ9CMMBW69V3AXJ,2022-10-09,Daffie Kenealy,Daffie,Kenealy,dkenealy94@ihg.com,7100
01GWGRTRVS5DKCW5VNS09P9F45,2022-05-20,Munroe Brothwell,Munroe,Brothwell,mbrothwell95@nymag.com,7200
01GWGRTRVXWWBD5GDCARVWP5WM,2023-02-22,Bertha Bulgen,Bertha,Bulgen,bbulgen96@wiley.com,5800
01GWGRTRW1XN32AVJGJERF72RW,2022-07-22,Rosabelle Tomik,Rosabelle,Tomik,rtomik97@miibeian.gov.cn,8000
01GWGRTRW5273ZMT2F2XYYTVZW,2023-03-14,See Lamball,See,Lamball,slamball98@oaic.gov.au,8700
01GWGRTRW8PK8R885NQMM2KEMW,2022-04-24,Winifield Braven,Winifield,Braven,wbraven99@cyberchimps.com,10000
01GWGRTRWCK63YZ4R1Q7D1FF6Z,2022-06-08,Devin Songhurst,Devin,Songhurst,dsonghurst9a@prnewswire.com,5700
01GWGRTRWFQMKVZ7ZMY5ATKGJM,2023-03-04,Edgard Bucknall,Edgard,Bucknall,ebucknall9b@stumbleupon.com,7200
01GWGRTRWK0R8R4YDCFX3QB384,2022-11-04,Dilan Charker,Dilan,Charker,dcharker9c@infoseek.co.jp,8100
01GWGRTRWP3F9G6JXHX5GJ7D2K,2022-07-28,Prince Stone Fewings,Prince,Stone Fewings,pstone9d@digg.com,7700
01GWGRTRWT9EDT244BGQA9RACE,2023-03-24,Veronika Micah,Veronika,Micah,vmicah9e@who.int,5100
01GWGRTRWX864GRBRWJ42XYJ20,2023-02-26,Locke Safhill,Locke,Safhill,lsafhill9f@facebook.com,7400
01GWGRTRX10GADZCHJ6MM4986T,2022-10-14,Lock Spaldin,Lock,Spaldin,lspaldin9g@icq.com,8800
01GWGRTRX8RY8YSW6STSHH8756,2022-02-01,Paula Tibb,Paula,Tibb,ptibb9h@comcast.net,8100
01GWGRTRXC93P7AW2KJFDR5YH9,2022-06-24,Berget Cockram,Berget,Cockram,bcockram9i@japanpost.jp,8300
01GWGRTRXFZ7X08JRXNBXY8H25,2022-05-27,Agustin Lune,Agustin,Lune,alune9j@goodreads.com,7400
01GWGRTRXKJW8SGXM88RJD4MPW,2022-08-23,Consolata Effnert,Consolata,Effnert,ceffnert9k@devhub.com,9000
01GWGRTRXPGH0K6WQNRZKASTCA,2022-04-17,Jasmine Kellie,Jasmine,Kellie,jkellie9l@facebook.com,9200
01GWGRTRXTMP287H8KKFHAPBKQ,2022-02-02,Johnny Mousley,Johnny,Mousley,jmousley9m@rambler.ru,7700
01GWGRTRXY601K612773KZG35S,2022-01-18,Susanne Trayling,Susanne,Trayling,strayling9n@ted.com,5900
01GWGRTRY26KSAQ5W8XBSX5AR7,2022-03-01,Suzy Roubert,Suzy,Roubert,sroubert9o@shutterfly.com,6600
01GWGRTRY5GC4MCYJQ631ZRXWW,2022-07-04,Jarrid Poile,Jarrid,Poile,jpoile9p@fema.gov,9000
01GWGRTRY9FPTGAQPV8MH2T3TS,2022-03-14,Lark Cranny,Lark,Cranny,lcranny9q@loc.gov,6300
01GWGRTRYC8E7V6GWA5YRHB1WP,2022-11-10,Hobey Gilston,Hobey,Gilston,hgilston9r@census.gov,6800
01GWGRTRYG3YFRWXYB7MCAN40A,2022-11-26,Ferguson Field,Ferguson,Field,ffield9s@cbsnews.com,7000
01GWGRTRYM9GXN1QZ3HMZJHYVF,2022-01-04,Inez Scurrah,Inez,Scurrah,iscurrah9t@cafepress.com,6500
01GWGRTRYQN93Y5HZ365JS35JW,2023-02-13,Pinchas Verrechia,Pinchas,Verrechia,pverrechia9u@howstuffworks.com,7200
01GWGRTRYVJBJPFHEF63Z5JYH4,2023-01-25,Celestyn Askell,Celestyn,Askell,caskell9v@netvibes.com,8200
01GWGRTRYZ7GVZKSXAHH9XR1H8,2022-01-13,Gipsy Lavrick,Gipsy,Lavrick,glavrick9w@shareasale.com,7000
01GWGRTRZ3TK6HP3R9WKYT0KAV,2022-02-18,Mallory Paraman,Mallory,Paraman,mparaman9x@adobe.com,7600
01GWGRTRZ632E2610QFBP8XW1H,2023-03-06,Bambi Butson,Bambi,Butson,bbutson9y@mit.edu,9100
01GWGRTRZAAGQK68G7TNJ0J09H,2022-04-12,Aluino Lilburn,Aluino,Lilburn,alilburn9z@flickr.com,9000
01GWGRTRZEPP84JXRKDXCZ3BAE,2022-06-05,Hart Gillatt,Hart,Gillatt,hgillatta0@list-manage.com,6500
01GWGRTRZMSZS0B2NNJZ5CT1MY,2022-09-02,Bari McCathay,Bari,McCathay,bmccathaya1@nba.com,6900
01GWGRTRZR26KWBFM5E2FJQ2D8,2022-09-10,Rosalie Cosgrave,Rosalie,Cosgrave,rcosgravea2@amazon.com,9900
01GWGRTRZVQCNHKQY6TV551SCB,2022-09-06,Mervin Feedham,Mervin,Feedham,mfeedhama3@abc.net.au,8100
01GWGRTRZYGYB3BPK6PJ634F2W,2022-11-09,Natka Marchington,Natka,Marchington,nmarchingtona4@timesonline.co.uk,8700
01GWGRTS02TC80TXW0PMSVTGXY,2022-12-16,Beryle Carmen,Beryle,Carmen,bcarmena5@merriam-webster.com,8700
01GWGRTS056EG396JNABC9FYQF,2022-03-10,Johannah Dewicke,Johannah,Dewicke,jdewickea6@nationalgeographic.com,8300
01GWGRTS083T57YT7VEWBP0PS3,2022-12-15,Carolin Slaten,Carolin,Slaten,cslatena7@linkedin.com,8500
01GWGRTS0BX62NDDAPPY1M2BG2,2022-10-30,Alvira Lummus,Alvira,Lummus,alummusa8@nba.com,7300
01GWGRTS0F3K6XE17RNZF20E61,2022-10-02,Rivkah Greatbatch,Rivkah,Greatbatch,rgreatbatcha9@zdnet.com,6300
01GWGRTS0J2EVRYCMFKKQA8W8J,2022-05-22,Jabez Struther,Jabez,Struther,jstrutheraa@dmoz.org,7000
01GWGRTS0PRJV0J0JEVG9CTTEZ,2022-10-26,Cordi Axworthy,Cordi,Axworthy,caxworthyab@topsy.com,9300
01GWGRTS0SPS55RC7JYC2RQB5N,2022-06-17,Rowen Gager,Rowen,Gager,rgagerac@newsvine.com,5500
01GWGRTS10NMZ63ZRWKMSXJMSC,2023-01-31,Heinrik Flisher,Heinrik,Flisher,hflisherad@moonfruit.com,5200
01GWGRTS167D7QPDGS36CPW2K9,2023-02-18,Nada Cathrae,Nada,Cathrae,ncathraeae@stumbleupon.com,5400
01GWGRTS1D8YBK5A59WQ5AFJNJ,2022-03-23,Warden Fisby,Warden,Fisby,wfisbyaf@histats.com,6600
01GWGRTS1MN8MAMYNBB0Q7W3TX,2022-03-07,Sallyanne Regorz,Sallyanne,Regorz,sregorzag@imageshack.us,8100
01GWGRTS1TBRHGN02VCEZ72X4R,2023-03-05,Ardene Lenton,Ardene,Lenton,alentonah@amazon.com,8800
01GWGRTS1YHJ6Z4PAAN1BM4ST1,2022-01-01,Janot Bate,Janot,Bate,jbateai@mtv.com,6800
01GWGRTS21TJPZ13QV4Z7TB0MK,2022-04-06,Sylas Lawfull,Sylas,Lawfull,slawfullaj@newsvine.com,8800
01GWGRTS250ZXT7MCF0T3XMAP8,2023-01-13,Jeremias Brine,Jeremias,Brine,jbrineak@phoca.cz,7900
01GWGRTS281XHBDRRFJ2DCV4HJ,2022-05-15,Adeline Zarfai,Adeline,Zarfai,azarfaial@google.com,5200
01GWGRTS2BTHX8HWCGT6R3YKS8,2022-04-06,Isidora Battleson,Isidora,Battleson,ibattlesonam@house.gov,6400
01GWGRTS2FC25ZJTDJ9P400JKM,2023-01-02,Rowe Gromley,Rowe,Gromley,rgromleyan@globo.com,5500
01GWGRTS2JRKPQXVRWT132K6HG,2022-02-27,Karita Attride,Karita,Attride,kattrideao@archive.org,7200
01GWGRTS2NZXSDJC44E1KYFJJ9,2022-05-02,Sloane Codrington,Sloane,Codrington,scodringtonap@jugem.jp,5400
01GWGRTS2SAND1J4T2T1FS8ZQ0,2022-02-15,Lucio Bourbon,Lucio,Bourbon,lbourbonaq@usgs.gov,6100
01GWGRTS2W4KZZYM8JTH60EVG8,2022-09-21,Linnet Courtier,Linnet,Courtier,lcourtierar@hc360.com,6000
01GWGRTS309EWSW85ZXJNX30M4,2022-08-14,Diarmid Dimelow,Diarmid,Dimelow,ddimelowas@who.int,6600
01GWGRTS34EDPTVCJ93QQBG8V6,2022-05-19,Reuben Jotham,Reuben,Jotham,rjothamat@baidu.com,5200
01GWGRTS37VMGVFF28JGWP5CXJ,2023-01-23,Chrotoem Sargint,Chrotoem,Sargint,csargintau@cloudflare.com,8500
01GWGRTS3D9V1TAXVTWB2BW9BB,2022-12-23,Shanie Wales,Shanie,Wales,swalesav@cmu.edu,7900
01GWGRTS3GRJZT0H0DHM2288GY,2022-11-23,Arlinda Jeger,Arlinda,Jeger,ajegeraw@buzzfeed.com,7600
01GWGRTS3MJ2MBW3EERTHTRWYC,2022-05-08,Rodolphe Pomfret,Rodolphe,Pomfret,rpomfretax@vkontakte.ru,10000
01GWGRTS3QDM58NYXXY4CVBS1N,2022-12-26,Jenifer Brahmer,Jenifer,Brahmer,jbrahmeray@comsenz.com,7400
01GWGRTS3TKT4R1JTHTDN18N4E,2022-11-01,Lilia Rhys,Lilia,Rhys,lrhysaz@photobucket.com,9400
01GWGRTS3XAE7DMSV5FV2BC1AC,2022-06-28,Christy Rawlin,Christy,Rawlin,crawlinb0@goo.gl,5000
01GWGRTS41RTMZXNZQ509XXJRT,2023-02-19,Ardelia Filippello,Ardelia,Filippello,afilippellob1@liveinternet.ru,8300
01GWGRTS44A716G96JNQCS9P8X,2022-10-29,Sallee Bruggeman,Sallee,Bruggeman,sbruggemanb2@symantec.com,5800
01GWGRTS48S13KY5WTZD0ECCZ9,2022-08-29,Sky Geertje,Sky,Geertje,sgeertjeb3@skype.com,9000
01GWGRTS4BZQQ59HY95RMDD0DH,2022-09-16,Tremain Northern,Tremain,Northern,tnorthernb4@hhs.gov,6500
01GWGRTS4FYY5W070T7HKJZ0EN,2022-10-17,Juan Suggett,Juan,Suggett,jsuggettb5@skyrock.com,10000
01GWGRTS4J6BBJRPR4SEC56NGC,2022-03-08,Kikelia Robart,Kikelia,Robart,krobartb6@wix.com,5700
01GWGRTS4N2BS0QQ102XTJRB77,2022-11-18,Rufe Ozelton,Rufe,Ozelton,rozeltonb7@t.co,5200
01GWGRTS4SS6W07MPYPMJ4J77X,2022-08-21,Adriano Raccio,Adriano,Raccio,aracciob8@xing.com,6400
01GWGRTS4WSVZE3VQX188WCP7A,2023-01-31,Basilio Dayes,Basilio,Dayes,bdayesb9@google.co.uk,5200
01GWGRTS50RSYCZF5NNYRHYNEG,2023-03-04,Barrett Petrolli,Barrett,Petrolli,bpetrolliba@latimes.com,6000
01GWGRTS539F7ETP6VCACC1SH5,2022-08-14,Lola Andreone,Lola,Andreone,landreonebb@reddit.com,6600
01GWGRTS574XYGPXVXMSC823AE,2023-02-26,Gannon Dakhno,Gannon,Dakhno,gdakhnobc@cam.ac.uk,9400
01GWGRTS5AG6DNPP5Q1PHB2EG9,2023-02-28,Cecily Meryett,Cecily,Meryett,cmeryettbd@yahoo.co.jp,5700
01GWGRTS5D6CHKXDG72MZPASCC,2022-08-07,Blinni Battershall,Blinni,Battershall,bbattershallbe@dell.com,7800
01GWGRTS5HM3FY7ZM4XM1M3XHB,2023-03-03,Sid Wragg,Sid,Wragg,swraggbf@mit.edu,5700
01GWGRTS5M3W2DR7NZW0ZH7ZFB,2022-01-01,Rogers Morling,Rogers,Morling,rmorlingbg@freewebs.com,9000
01GWGRTS5QM0RYKM12AA7EWD51,2022-09-25,Charyl Smogur,Charyl,Smogur,csmogurbh@dropbox.com,7500
01GWGRTS5VF7W03PSCPMTDKK8A,2022-06-03,Borg Tomley,Borg,Tomley,btomleybi@addtoany.com,7500
01GWGRTS5Y089XJAC611MJADM1,2022-11-01,Wendi Murray,Wendi,Murray,wmurraybj@foxnews.com,9200
01GWGRTS61758GTBAK95H3EWBE,2022-03-03,Flossi O'Rodane,Flossi,O'Rodane,forodanebk@bbc.co.uk,5800
01GWGRTS65DDPSVSXC21W7TQ1H,2022-08-16,Gill Norton,Gill,Norton,gnortonbl@diigo.com,5200
01GWGRTS68PRNX1E7H4EF05RN7,2023-03-26,Drona Buckberry,Drona,Buckberry,dbuckberrybm@sourceforge.net,7400
01GWGRTS6BGN5J6816F2MD0RKG,2022-06-16,Abbey Olland,Abbey,Olland,aollandbn@tripod.com,7300
01GWGRTS6EKPJ3HJF6JZGPGFSH,2022-01-03,Robinett Pierce,Robinett,Pierce,rpiercebo@sakura.ne.jp,5400
01GWGRTS6HKVPGC974WB0AK8XR,2022-12-28,Manda Diack,Manda,Diack,mdiackbp@uol.com.br,7700
01GWGRTS6NX76NVEAKFQNDZAWH,2022-08-12,Hirsch Pudding,Hirsch,Pudding,hpuddingbq@ameblo.jp,8100
01GWGRTS6S3Y61YZFYVDZ80CV1,2022-05-26,Nilson Page,Nilson,Page,npagebr@gravatar.com,8700
01GWGRTS6WH6J2SEK5ZG5QYQ6Y,2022-07-02,Libbi Leidecker,Libbi,Leidecker,lleideckerbs@oakley.com,5100
01GWGRTS70E2KD5JA2EW4WCCNK,2022-05-24,Daryl Rodenburg,Daryl,Rodenburg,drodenburgbt@oakley.com,8600
01GWGRTS73BGCWER59XXBA1ZKM,2022-11-01,Gare Tackley,Gare,Tackley,gtackleybu@gravatar.com,5300
01GWGRTS776MEGTYEDC4WVKKA8,2022-05-06,Jacquette Madoc-Jones,Jacquette,Madoc-Jones,jmadocjonesbv@narod.ru,6300
01GWGRTS7ASYGRNYY063YJSK93,2023-01-03,Elysee Hallas,Elysee,Hallas,ehallasbw@ucla.edu,9300
01GWGRTS7DVBYCNSRHGCPDA80X,2022-05-07,Arnuad Jacklings,Arnuad,Jacklings,ajacklingsbx@jigsy.com,8200
01GWGRTS7H3MMQ5KZ5K5YAMT7R,2022-06-17,Leoine Grzes,Leoine,Grzes,lgrzesby@europa.eu,7700
01GWGRTSC8JJ7AYCJ6NJTHDDGS,2022-04-01,Andres Caneo,Andres,Caneo,acaneobz@chron.com,9700
01GWGRTSCQ6T0QC0K6M341XD5P,2022-03-15,Maribel Valencia,Maribel,Valencia,mvalenciac0@ucsd.edu,8200
01GWGRTSDA3HAP6ASE4QFW9CAY,2022-10-14,Calv Salmon,Calv,Salmon,csalmonc1@foxnews.com,8300
01GWGRTSDHEZDNKDS9YEHGR6H0,2022-03-28,Eudora Layman,Eudora,Layman,elaymanc2@creativecommons.org,10000
01GWGRTSDP0RY0AFK2PHTEKQS1,2023-01-10,Latashia Sharville,Latashia,Sharville,lsharvillec3@umn.edu,8100
01GWGRTSDVA81964QQNPREAMFK,2022-05-08,Constantin Northeast,Constantin,Northeast,cnortheastc4@tamu.edu,7000
01GWGRTSDZ1DHVKVJTKW8SDJ4S,2022-02-07,Phillip Ginley,Phillip,Ginley,pginleyc5@upenn.edu,10000
01GWGRTSE3P0Q6CWE50YQSGQ82,2022-04-10,Osborn Sperwell,Osborn,Sperwell,osperwellc6@utexas.edu,9800
01GWGRTSE69CT3STZHSY9GTH40,2022-01-16,Millisent Colpus,Millisent,Colpus,mcolpusc7@altervista.org,7800
01GWGRTSEAW2TRA5K65CY1REQP,2022-06-21,Janna Harriagn,Janna,Harriagn,jharriagnc8@vimeo.com,5100
01GWGRTSEEZSV2A0149NQCYC0E,2023-01-02,Corie Bladder,Corie,Bladder,cbladderc9@exblog.jp,7300
01GWGRTSEJJ6P42XG7SG52TSJT,2022-04-14,Eberhard Strewther,Eberhard,Strewther,estrewtherca@yahoo.com,6200
01GWGRTSEPQGM86VSPTX7S3MEY,2023-01-26,Leslie Dows,Leslie,Dows,ldowscb@nih.gov,5100
01GWGRTSETWRKPBH14ZN1DR45S,2023-01-19,Othelia Stickler,Othelia,Stickler,osticklercc@fotki.com,8800
01GWGRTSEYCD5CW4NT0BS0F2DN,2022-01-03,Marguerite Faragan,Marguerite,Faragan,mfaragancd@pbs.org,7000
01GWGRTSF1Z95PA4WQ7YZTTYC7,2022-03-03,Shaw Anwell,Shaw,Anwell,sanwellce@fc2.com,6100
01GWGRTSF5AMRYGP3VHNF3WPYA,2022-10-09,Myles Elsley,Myles,Elsley,melsleycf@alexa.com,5700
01GWGRTSF9QGD493EHP8YXW3XX,2023-02-21,Dara Danser,Dara,Danser,ddansercg@epa.gov,6800
01GWGRTSFDZRH30F1B7598FEZJ,2023-02-03,Aubrey Shovelin,Aubrey,Shovelin,ashovelinch@va.gov,9200
01GWGRTSFHTT1SBHCQMECESTKS,2022-05-02,Dinah Domenici,Dinah,Domenici,ddomenicici@gnu.org,5100
01GWGRTSFMKH0ZDXF6VY4TJ6EA,2022-01-10,Enrica Jarville,Enrica,Jarville,ejarvillecj@moonfruit.com,6400
01GWGRTSFRQ6FQPQ2NGEQGYGQP,2022-02-14,Inigo Manus,Inigo,Manus,imanusck@people.com.cn,9300
01GWGRTSFWBHT429JTEAPD6RXH,2022-04-22,Kat Woltman,Kat,Woltman,kwoltmancl@hibu.com,8600
01GWGRTSFZ05VTX3XZJR0TSK41,2022-01-16,Jecho Buttel,Jecho,Buttel,jbuttelcm@phpbb.com,7800
01GWGRTSG3YRFM9BT4X3HPGD5Y,2022-12-12,Maybelle Strafen,Maybelle,Strafen,mstrafencn@xinhuanet.com,8700
01GWGRTSG7G1AAV48ZQXNAQVV2,2022-12-31,Bendix Rikkard,Bendix,Rikkard,brikkardco@squarespace.com,9800
01GWGRTSGADZRYE5YACN06575N,2022-02-25,Merissa Tunnow,Merissa,Tunnow,mtunnowcp@e-recht24.de,6100
01GWGRTSGFA81139872AQHA6SQ,2022-04-04,Veradis Aberkirder,Veradis,Aberkirder,vaberkirdercq@about.me,9900
01GWGRTSGJPZ80QMWDY7AYHBX8,2023-01-28,Riley Maber,Riley,Maber,rmabercr@nih.gov,5900
01GWGRTSGQM8XHPZKVC8DGV8VE,2022-01-25,Frederic Gilders,Frederic,Gilders,fgilderscs@yandex.ru,6400
01GWGRTSGVC1TWA73KSJ84WGR4,2022-01-14,Anjanette Christal,Anjanette,Christal,achristalct@is.gd,7800
01GWGRTSGZ12SJ0CE2PYPF82NB,2022-08-14,Rodolph Gribbin,Rodolph,Gribbin,rgribbincu@indiegogo.com,10000
01GWGRTSH2GZTENR9JAPM4M1RR,2023-01-12,Wynny Agirre,Wynny,Agirre,wagirrecv@sun.com,9500
01GWGRTSH7NVAFZH8WH3B1D8F7,2023-01-27,Dorian Tilbrook,Dorian,Tilbrook,dtilbrookcw@independent.co.uk,6800
01GWGRTSHBQHHKKQ891A3285FM,2022-08-17,Prent Dilrew,Prent,Dilrew,pdilrewcx@stanford.edu,8500
01GWGRTSHE248PMV7R3ZN9RVAW,2022-03-27,Kahaleel Cowland,Kahaleel,Cowland,kcowlandcy@abc.net.au,6200
01GWGRTSHKZTEM23DH7RV227TF,2023-01-04,Jermaine Medforth,Jermaine,Medforth,jmedforthcz@hhs.gov,7900
01GWGRTSHQJXAK8GE8G7TW0RFC,2023-01-16,Johnny Sharville,Johnny,Sharville,jsharvilled0@bbc.co.uk,6900
01GWGRTSHT648AGJKCDZG9H6ZA,2023-02-15,Conway Heiton,Conway,Heiton,cheitond1@4shared.com,9700
01GWGRTSHY7747FVZ2ZYGRQ6Y2,2022-01-26,Clay Beardon,Clay,Beardon,cbeardond2@rakuten.co.jp,5100
01GWGRTSJ3PS9FXRZ4FK057VE9,2023-03-17,Lizette Deniseau,Lizette,Deniseau,ldeniseaud3@ehow.com,7200
01GWGRTSJ7FHMYDQ3A6G93ZD9E,2022-03-04,Randal Piller,Randal,Piller,rpillerd4@networksolutions.com,5800
01GWGRTSJAYK1942Z4NV5W79A6,2022-03-22,Oliver Karppi,Oliver,Karppi,okarppid5@unblog.fr,5700
01GWGRTSJFWQE5NF8R4DK7AXE3,2023-02-26,Vannie Boullin,Vannie,Boullin,vboullind6@last.fm,8200
01GWGRTSJKS3X588WJ0RNQY9M2,2022-05-25,Tiertza MacCombe,Tiertza,MacCombe,tmaccombed7@indiatimes.com,9700
01GWGRTSJRQRHWDPBRNHKS646K,2022-12-18,Rae Koubu,Rae,Koubu,rkoubud8@reuters.com,8800
01GWGRTSJWD58A6FCJTPDYG5AP,2022-06-29,Mari Rohmer,Mari,Rohmer,mrohmerd9@economist.com,6200
01GWGRTSK1HT5HR2M5SM43TW2B,2022-10-06,Louella Hanks,Louella,Hanks,lhanksda@mlb.com,5000
01GWGRTSK5P3ZBAZ3TJSESRP7T,2022-03-17,Micaela Wison,Micaela,Wison,mwisondb@latimes.com,6500
01GWGRTSK9F45RTF81ER7NSRBD,2022-01-13,Consuela Mynott,Consuela,Mynott,cmynottdc@youtube.com,10000
01GWGRTSKDC3T9ZZD4M8T9YRA1,2022-12-06,Madison Morforth,Madison,Morforth,mmorforthdd@jimdo.com,6200
01GWGRTSKHAFPAZB44T9TQP66C,2022-04-19,Rainer Probey,Rainer,Probey,rprobeyde@skyrock.com,7300
01GWGRTSKNW6TC9BCQ8BCFTBA6,2022-08-10,Dulce Forster,Dulce,Forster,dforsterdf@multiply.com,9200
01GWGRTSKS7ZCJMQ58SR4KW759,2022-03-27,Blinni MacMillan,Blinni,MacMillan,bmacmillandg@bravesites.com,9000
01GWGRTSKW57YADXVQH7BH4N4N,2022-04-08,Maximilian Lattin,Maximilian,Lattin,mlattindh@pcworld.com,5800
01GWGRTSM0JBZH78CK3436NJ3D,2022-05-19,Shellysheldon Melesk,Shellysheldon,Melesk,smeleskdi@list-manage.com,8600
01GWGRTSM30R171208W3GYA703,2022-03-30,Shani Brotherick,Shani,Brotherick,sbrotherickdj@e-recht24.de,9200
01GWGRTSM7QTV244JG5EG1PGTG,2022-02-25,Gordan Tappington,Gordan,Tappington,gtappingtondk@list-manage.com,6200
01GWGRTSMBQSKT6GBJEGFJ9ASP,2023-01-04,Lila Teaze,Lila,Teaze,lteazedl@yelp.com,7700
01GWGRTSMECTZMESEEJAAAVTNM,2022-09-14,Salmon Andrea,Salmon,Andrea,sandreadm@weather.com,7800
01GWGRTSMJ6GAVTTJ1FYR4G32C,2022-02-10,Brennan Croydon,Brennan,Croydon,bcroydondn@wikispaces.com,8600
01GWGRTSMN2VK6E8CMYV37FRD5,2022-09-20,Dan Longstaffe,Dan,Longstaffe,dlongstaffedo@blinklist.com,6500
01GWGRTSMSH6VK249BFS1K1NMA,2022-08-18,Charmian Culbard,Charmian,Culbard,cculbarddp@biblegateway.com,9300
01GWGRTSMX08P00Z0KWZGP03AE,2022-09-15,Barri Wolfindale,Barri,Wolfindale,bwolfindaledq@usatoday.com,9300
01GWGRTSN120CQB53STJ25XQDW,2022-09-01,Jackie Kells,Jackie,Kells,jkellsdr@pcworld.com,8200
01GWGRTSN5FN5W4AJ3F0JBXT2T,2023-02-03,Robin Bard,Robin,Bard,rbardds@independent.co.uk,6300
01GWGRTSN9ZZY7HZXBA3J5FVRJ,2023-02-19,Shaylah Mennell,Shaylah,Mennell,smennelldt@i2i.jp,6100
01GWGRTSNCZPSEM1E2D3SCP7WS,2022-02-07,Blair L'Archer,Blair,L'Archer,blarcherdu@phpbb.com,8800
01GWGRTSNG0WHCNM2CS2HSK3H4,2023-03-21,Berne Reilingen,Berne,Reilingen,breilingendv@networkadvertising.org,8800
01GWGRTSNMRB4SWW7HHJ69M49J,2022-07-18,Cart Naile,Cart,Naile,cnailedw@tripod.com,7900
01GWGRTSNQ31P1DTMF8YH7QRV7,2022-03-14,Ozzy Brauner,Ozzy,Brauner,obraunerdx@skyrock.com,7500
01GWGRTSNVE5WY7Q7HNKMC6X9Z,2022-03-16,Malva Merrikin,Malva,Merrikin,mmerrikindy@kickstarter.com,6900
01GWGRTSNZ6BP1BEYB90VVMV7P,2022-10-22,Remy Henniger,Remy,Henniger,rhennigerdz@ustream.tv,7800
01GWGRTSP204HPMAVQE0N0FVER,2022-01-16,Billy Keuning,Billy,Keuning,bkeuninge0@arstechnica.com,7100
01GWGRTSP64P7ND9V52G1EXQ58,2022-04-30,Grace Blatchford,Grace,Blatchford,gblatchforde1@gmpg.org,5900
01GWGRTSP9PZNR20ZYJ8ZVFXYZ,2022-01-05,Hannis Hindenberger,Hannis,Hindenberger,hhindenbergere2@japanpost.jp,6400
01GWGRTSPD64QPNX3RJC7SAATA,2022-09-24,Aloysius Lawn,Aloysius,Lawn,alawne3@cocolog-nifty.com,8000
01GWGRTSPGCDGMTKXFM1M1YZDN,2022-08-09,Linzy Peaseman,Linzy,Peaseman,lpeasemane4@angelfire.com,7800
01GWGRTSPMD3894N1B4H33MXJ4,2022-11-08,Vaclav Tomich,Vaclav,Tomich,vtomiche5@nature.com,7000
01GWGRTSPQZ3NCDS6F1AXP6WDM,2022-01-28,Fey Moorrud,Fey,Moorrud,fmoorrude6@cocolog-nifty.com,7600
01GWGRTSPT0Q1XPRAJ71382GRG,2022-07-10,Aldin Deporte,Aldin,Deporte,adeportee7@walmart.com,6900
01GWGRTSPX1BYV7CKERTM5T4B6,2022-10-07,Franz Pughsley,Franz,Pughsley,fpughsleye8@ow.ly,5900
01GWGRTSQ01TNF8CM0MP38RSF6,2023-03-18,Beatrix Livett,Beatrix,Livett,blivette9@bravesites.com,7500
01GWGRTSQ411BAGARWD1MZFY7Q,2022-03-09,Drake Pearce,Drake,Pearce,dpearceea@ocn.ne.jp,9700
01GWGRTSQ7YJHX8TYB5MHCMB69,2022-11-01,Bryce Campione,Bryce,Campione,bcampioneeb@ameblo.jp,5100
01GWGRTSQAVZ9FF25ZZZJ65PRD,2022-05-30,Vanni Piletic,Vanni,Piletic,vpileticec@netscape.com,8600
01GWGRTSQERVR45K6NXX0WJK8C,2022-12-03,Jilleen Harler,Jilleen,Harler,jharlered@dmoz.org,6200
01GWGRTSQHT0ZS8JNGTHSB41TG,2022-08-04,Fianna Hirschmann,Fianna,Hirschmann,fhirschmannee@eepurl.com,8700
01GWGRTSQMCKQAZ434AFMZDRKZ,2023-02-06,Ariella Benois,Ariella,Benois,abenoisef@freewebs.com,8800
01GWGRTSQQT59NN029Z4VVNGXY,2022-01-11,Dorothea Dybell,Dorothea,Dybell,ddybelleg@e-recht24.de,6600
01GWGRTSQVRW12GFQ2QAWNEA8W,2022-09-07,Ivy Ebbing,Ivy,Ebbing,iebbingeh@studiopress.com,8500
01GWGRTSQZGFDRRV9VF9FHV372,2022-12-04,Wayland Janisson,Wayland,Janisson,wjanissonei@symantec.com,9000
01GWGRTSR27HCZT6M4B0ZVXDXC,2022-11-09,Rosie Wimbridge,Rosie,Wimbridge,rwimbridgeej@nationalgeographic.com,5300
01GWGRTSR5A6W2V1G33D4T3Q7R,2022-06-18,Allx Gimbrett,Allx,Gimbrett,agimbrettek@geocities.jp,5200
01GWGRTSR8ESAV126MSQKPS843,2023-03-03,Fred Doumic,Fred,Doumic,fdoumicel@elpais.com,6500
01GWGRTSRCP36ZC9DZW3AQ4KED,2022-04-27,Wilhelmine Frostdyke,Wilhelmine,Frostdyke,wfrostdykeem@nba.com,8400
01GWGRTSRFBNCNGY6G3HFNGDW5,2022-12-15,Ignace Kops,Ignace,Kops,ikopsen@stanford.edu,8900
01GWGRTSRKSJNCP39CTM8PRR7V,2022-11-07,Tessa Downer,Tessa,Downer,tdownereo@fastcompany.com,5400
01GWGRTSRPG2A3KWQG1F1ZCQCW,2022-06-05,Eamon Harness,Eamon,Harness,eharnessep@sakura.ne.jp,5500
01GWGRTSRVD53C5X5GBNZBXWXR,2022-12-12,Ivie O'Neal,Ivie,O'Neal,ionealeq@hubpages.com,9100
01GWGRTSSS0CETDYA9BEBX84KA,2022-05-27,Deni Brumfield,Deni,Brumfield,dbrumfielder@ask.com,8900
01GWGRTSSY9Z5SJDNW9RB8AMN7,2022-10-02,Robinson Emanuelli,Robinson,Emanuelli,remanuellies@redcross.org,7900
01GWGRTST3SGHY17VZAC1W7DQT,2022-03-01,Ivory Biernat,Ivory,Biernat,ibiernatet@bluehost.com,8600
01GWGRTST86GTWKR66DGJHBNA6,2022-10-10,Alysia Bassam,Alysia,Bassam,abassameu@dailymail.co.uk,7300
01GWGRTSTD0TMG0DXAJ7Q9NSCY,2022-08-25,Collette Oran,Collette,Oran,coranev@youtu.be,9600
01GWGRTSTJ98AWREN5KS5KETJD,2022-01-02,Jana Simcoe,Jana,Simcoe,jsimcoeew@imgur.com,5200
01GWGRTSTPY94KR0C2906TNSBZ,2022-06-10,Miguela Fullard,Miguela,Fullard,mfullardex@surveymonkey.com,8200
01GWGRTSTW1K17G1Y60E3S5SXC,2022-07-18,Lonnie Trim,Lonnie,Trim,ltrimey@ox.ac.uk,5600
01GWGRTSTZAN6TQT4KYR5S2H04,2022-09-03,Laurella Stitson,Laurella,Stitson,lstitsonez@typepad.com,5800
01GWGRTSV4NA44X0AFHN998597,2022-05-24,Jarrid Hartness,Jarrid,Hartness,jhartnessf0@rediff.com,8200
01GWGRTSV70917KPSMX5PZCYRJ,2022-11-18,Alverta Stenhouse,Alverta,Stenhouse,astenhousef1@paginegialle.it,7900
01GWGRTSVB7313PT0M4DQZEVW3,2022-04-05,Mose Paske,Mose,Paske,mpaskef2@marriott.com,6200
01GWGRTSVFFQJ1R3W8S23Q3YMG,2023-01-02,Gerhardine Stilgoe,Gerhardine,Stilgoe,gstilgoef3@pinterest.com,7200
01GWGRTSVKZ8DKJ6S8T00YZKBZ,2022-12-01,Willi Vallack,Willi,Vallack,wvallackf4@salon.com,7800
01GWGRTSVRHCQ726SJYPSZBQEA,2022-04-11,Cosme Sandle,Cosme,Sandle,csandlef5@virginia.edu,8900
01GWGRTSVW0WHPC6GQEY2ZV5Q9,2022-04-24,Betty Mackley,Betty,Mackley,bmackleyf6@forbes.com,5700
01GWGRTSW1RTMSXQQPNJBN0EJP,2022-11-01,Ynez Hounihan,Ynez,Hounihan,yhounihanf7@naver.com,8500
01GWGRTSW5M4YDMRFPNQ4YVYBF,2022-12-25,Clare Luna,Clare,Luna,clunaf8@craigslist.org,7300
01GWGRTSW9H9XNQ4ZFA9WMD1WJ,2022-07-08,Emmet Liccardi,Emmet,Liccardi,eliccardif9@umn.edu,9300
01GWGRTSWDS6KTAM9PCY2965JY,2022-04-21,Tabitha Crass,Tabitha,Crass,tcrassfa@dmoz.org,8000
01GWGRTSWHDK96ZVX6Q00VW1Z6,2022-02-21,Gabrila Gurko,Gabrila,Gurko,ggurkofb@pbs.org,7300
01GWGRTSWN2HX90VKX088G06MA,2022-03-12,Zebulon Grigorushkin,Zebulon,Grigorushkin,zgrigorushkinfc@chron.com,6800
01GWGRTSWSFJ4Y7XNBKPR3BNF0,2022-08-28,Lannie Handrock,Lannie,Handrock,lhandrockfd@themeforest.net,8600
01GWGRTSWXNHNES3X4G2EZ38ZH,2022-08-05,Kile Dreher,Kile,Dreher,kdreherfe@dagondesign.com,8400
01GWGRTSX22QAXZ0GVHBJZQD44,2022-09-30,Parsifal Beneyto,Parsifal,Beneyto,pbeneytoff@squarespace.com,7200
01GWGRTSX54HF6A4S9Q1SC79D3,2023-02-03,Kale Marney,Kale,Marney,kmarneyfg@i2i.jp,7200
01GWGRTSX9G1FT3EYFQ671FFDS,2022-05-10,Joella Carrodus,Joella,Carrodus,jcarrodusfh@dot.gov,9800
01GWGRTSXDEF754QY0GWVJ0X9N,2022-02-18,Clovis Aizikovitz,Clovis,Aizikovitz,caizikovitzfi@nps.gov,6300
01GWGRTSXH8R5AH28WF1Q5FQQX,2023-01-18,Devy Ferris,Devy,Ferris,dferrisfj@lycos.com,10000
01GWGRTSXNZ8ZFTYF2EM13M402,2022-12-12,Elva MacCrackan,Elva,MacCrackan,emaccrackanfk@psu.edu,8600
01GWGRTSXSKPWDYPE4J86RMEBR,2022-07-13,Lonny Slobom,Lonny,Slobom,lslobomfl@wordpress.com,7600
01GWGRTSXXEPXW5EZZ3PBWQ2A0,2022-10-16,Tiffanie Sommerton,Tiffanie,Sommerton,tsommertonfm@cnn.com,9300
01GWGRTSY11EGV9M8X9R83QXSA,2022-07-26,Debi Pepye,Debi,Pepye,dpepyefn@xrea.com,6600
01GWGRTSY5319ZKPKEZGMEJ2D8,2022-03-25,Fredrika Pointer,Fredrika,Pointer,fpointerfo@boston.com,7800
01GWGRTSY9ZVGQW9Z2JMGQPB40,2022-01-06,Alvy Mapledorum,Alvy,Mapledorum,amapledorumfp@dyndns.org,6600
01GWGRTSYCYA963ARVJ1ZEPA12,2023-01-14,Marisa McIndoe,Marisa,McIndoe,mmcindoefq@archive.org,8700
01GWGRTSYHZ02H98V1JZB4J2MT,2023-01-26,Gaston Northey,Gaston,Northey,gnortheyfr@multiply.com,7300
01GWGRTSYPYZ5YT2GG1FRQ25BT,2022-10-13,Henka Hughill,Henka,Hughill,hhughillfs@china.com.cn,9000
01GWGRTSYSD62QFJQ8TEPP9KHC,2022-02-10,Essie Rodder,Essie,Rodder,erodderft@themeforest.net,8500
01GWGRTSYX56NSDQQETYWZY30A,2023-03-23,Cathryn Nitto,Cathryn,Nitto,cnittofu@pbs.org,5400
01GWGRTSZ139BJ49YZ87M7D5DT,2022-06-12,Cicely Pedrielli,Cicely,Pedrielli,cpedriellifv@jugem.jp,8100
01GWGRTSZ4ER4Q2VW8BVM8G4WP,2022-05-14,Cedric Boost,Cedric,Boost,cboostfw@geocities.com,6300
01GWGRTSZ69DEQJ3DVS8HSQEMY,2022-04-24,Murvyn Mallatratt,Murvyn,Mallatratt,mmallatrattfx@kickstarter.com,6000
01GWGRTSZ9PVW112R2D62T4W8Y,2022-12-19,Franciskus Spenley,Franciskus,Spenley,fspenleyfy@gnu.org,8400
01GWGRTSZC4Z6PQ4ZEHSXTTQYS,2022-07-16,Celestyna Acres,Celestyna,Acres,cacresfz@engadget.com,7100
01GWGRTSZG4T3E1S1NEVHYEWBM,2022-09-14,Willem Normavell,Willem,Normavell,wnormavellg0@nyu.edu,9200
01GWGRTSZJ4AJH7QE1G0A8P6SB,2022-01-04,Shoshana Rimmer,Shoshana,Rimmer,srimmerg1@acquirethisname.com,8300
01GWGRTSZPC4Z53QNAA6G1BS47,2022-11-20,Thain Unger,Thain,Unger,tungerg2@meetup.com,8500
01GWGRTSZTSVAZPPDHMG9QH24G,2022-05-02,Siouxie Cargo,Siouxie,Cargo,scargog3@youtu.be,9100
01GWGRTSZYWS79ADZ8C04HT3EN,2023-02-12,Emmett McMarquis,Emmett,McMarquis,emcmarquisg4@slideshare.net,8700
01GWGRTT01SP281RPAMW9C7CFY,2022-07-01,Rory Lemar,Rory,Lemar,rlemarg5@wordpress.com,7300
01GWGRTT0363QN3ARHGV3FAHWK,2023-01-31,Brook Lardeur,Brook,Lardeur,blardeurg6@ameblo.jp,5700
01GWGRTT072TKRQ8FW7WNFJBAQ,2022-09-20,Hagen Daveran,Hagen,Daveran,hdaverang7@washingtonpost.com,6000
01GWGRTT0B2ZR0XXBKE165TY9X,2023-01-20,Antonella Boswell,Antonella,Boswell,aboswellg8@spiegel.de,8700
01GWGRTT0FCFWZE8FK773910EV,2022-01-15,Suzie FitzGilbert,Suzie,FitzGilbert,sfitzgilbertg9@ed.gov,6800
01GWGRTT0JR33WN7YDCDRZDVCX,2022-10-22,Sibel Canadine,Sibel,Canadine,scanadinega@etsy.com,6500
01GWGRTT0P519T3YT3FK2VKF1M,2022-09-24,Rosita Vasilov,Rosita,Vasilov,rvasilovgb@google.com.br,7800
01GWGRTT0SPJK1XSV5JWY1NZ6M,2022-05-12,Crissie Bridson,Crissie,Bridson,cbridsongc@apache.org,9300
01GWGRTT0WG7Q4HYK56JBF7TPX,2022-12-10,Buddie Redmile,Buddie,Redmile,bredmilegd@eepurl.com,9400
01GWGRTT10E60B3VFV7G6B1GC3,2022-12-15,Florenza Jury,Florenza,Jury,fjuryge@amazon.com,8800
01GWGRTT126NKQPYNDMT4V1SG8,2022-04-24,Georgiana Chipp,Georgiana,Chipp,gchippgf@foxnews.com,7100
01GWGRTT1614WJBPYDWH3BYJ2H,2022-10-02,Joelie Moyle,Joelie,Moyle,jmoylegg@si.edu,7800
01GWGRTT1AZ52Z621TBZX0VGFF,2022-08-24,Kaine Baldick,Kaine,Baldick,kbaldickgh@homestead.com,8000
01GWGRTT1EA29GS85HG0W0TGJG,2022-07-20,Astrix Koppe,Astrix,Koppe,akoppegi@purevolume.com,9500
01GWGRTT1J5DWM3YEAKXWWB72Q,2022-04-04,Stefanie Shurey,Stefanie,Shurey,sshureygj@cocolog-nifty.com,8100
01GWGRTT1SBGAETSB4T0K9VVV0,2022-04-17,Giff Clissett,Giff,Clissett,gclissettgk@nifty.com,8100
01GWGRTT20NPTKBDGJ8VEFWTZ6,2022-07-03,Ezekiel Mack,Ezekiel,Mack,emackgl@slate.com,6500
01GWGRTT24V741EECVPC8JVR35,2022-10-30,Jacquenetta Ofener,Jacquenetta,Ofener,jofenergm@devhub.com,9600
01GWGRTT29DSMFZFESWKTRYW6D,2022-08-31,Aretha Larder,Aretha,Larder,alardergn@army.mil,9300
01GWGRTT2FERM2176DJ9K2RCCV,2022-06-19,Colly McNeillie,Colly,McNeillie,cmcneilliego@ca.gov,9500
01GWGRTT2Q1QFE6F8BNRX1SXRK,2023-03-16,Bobbie Brounsell,Bobbie,Brounsell,bbrounsellgp@tuttocitta.it,9600
01GWGRTT2YKKZSKXQRTFKWA99J,2022-01-31,Jasper Kyle,Jasper,Kyle,jkylegq@twitpic.com,9300
01GWGRTT323G7YQ920TS353VP4,2023-03-11,Shannah Willmer,Shannah,Willmer,swillmergr@yellowbook.com,9000
01GWGRTT3AN80ZCKQB62Q5NQQM,2022-06-12,Josefa Demschke,Josefa,Demschke,jdemschkegs@about.me,5300
01GWGRTT3GKXJRCS5Y7H2DVWQ4,2023-01-27,Gabbie Joppich,Gabbie,Joppich,gjoppichgt@prweb.com,6200
01GWGRTT3RXZTPGTA1WK9SRT63,2022-07-09,Rowan Hayle,Rowan,Hayle,rhaylegu@bigcartel.com,6300
01GWGRTT3X1F52ZZX523NAYK96,2023-02-26,Magdalena Tulip,Magdalena,Tulip,mtulipgv@ycombinator.com,6300
01GWGRTT42R37C9P2WX7F58Y6Y,2022-03-07,Cassius Rupert,Cassius,Rupert,crupertgw@163.com,9300
01GWGRTT4853B0Y5G8XJ79MWGY,2022-05-17,Elka Ormond,Elka,Ormond,eormondgx@paginegialle.it,7800
01GWGRTT4CB0DDB5SV1N0A2ZS7,2022-01-31,Morse Callard,Morse,Callard,mcallardgy@java.com,5500
01GWGRTT4GDFVH2HCSXNX4YFRF,2022-11-09,Feliks Huston,Feliks,Huston,fhustongz@ycombinator.com,6200
01GWGRTT4N8YBMH5WX28RDNRTN,2022-03-17,Tudor Guttridge,Tudor,Guttridge,tguttridgeh0@netvibes.com,7900
01GWGRTT4SM378CY5HGKYAFSBK,2022-09-25,Katie Crollman,Katie,Crollman,kcrollmanh1@google.pl,8700
01GWGRTT4XSZGVP74G7R5B7ZDF,2023-02-11,Starlin Stiebler,Starlin,Stiebler,sstieblerh2@w3.org,8100
01GWGRTT51JNJSJQ2JAXH4TW4K,2023-02-18,Nap Parlet,Nap,Parlet,nparleth3@nature.com,9600
01GWGRTT55ER41E3B44H59T6VE,2022-11-06,Connie Prangley,Connie,Prangley,cprangleyh4@google.co.jp,7400
01GWGRTT5959AF7N9KVBC3XCKW,2022-10-19,Gallard Daingerfield,Gallard,Daingerfield,gdaingerfieldh5@google.ru,8700
01GWGRTT5C5KMXECW3B60H1MA8,2022-08-10,Cesya Jaan,Cesya,Jaan,cjaanh6@webmd.com,6900
01GWGRTT5HPQ7FB270VQ4ZBZHE,2022-06-24,Hermina Jeenes,Hermina,Jeenes,hjeenesh7@google.de,5500
01GWGRTT5MMP31WMASNGYK5X4D,2022-02-05,Ancell McMurty,Ancell,McMurty,amcmurtyh8@uol.com.br,5800
01GWGRTT5Q4X3EF5EK1EN9NQV9,2022-04-21,Whit Pecht,Whit,Pecht,wpechth9@craigslist.org,7500
01GWGRTT5T461PH1EK37SJN59K,2022-09-14,Hilton Garken,Hilton,Garken,hgarkenha@51.la,8200
01GWGRTT5YKBRC7B31PXRZ1V6G,2022-12-23,Colline Sentinella,Colline,Sentinella,csentinellahb@pinterest.com,8700
01GWGRTT62N0QK3BVGYE57FX1K,2022-08-20,Teirtza Kornalik,Teirtza,Kornalik,tkornalikhc@usatoday.com,7200
01GWGRTT66W8KJF0Y3QXVKEB86,2022-08-26,Fabe Guilleton,Fabe,Guilleton,fguilletonhd@nbcnews.com,5100
01GWGRTT69EPD98PQ0F3EPWTFG,2022-05-22,Rowan Plesing,Rowan,Plesing,rplesinghe@twitpic.com,7300
01GWGRTT6EC8DWQJY2ZN90ETSW,2023-03-16,Fina Eller,Fina,Eller,fellerhf@gravatar.com,7700
01GWGRTT6P8MSJPRRT0Y671S5H,2022-03-27,Osmond Lissett,Osmond,Lissett,olissetthg@utexas.edu,7300
01GWGRTT6YMRCNM6F0QBTV9E3F,2022-10-30,Tanner Cornelius,Tanner,Cornelius,tcorneliushh@g.co,5700
01GWGRTT71QPEZG3J32DFT85EJ,2022-10-31,Tiff Kornalik,Tiff,Kornalik,tkornalikhi@whitehouse.gov,7500
01GWGRTT76Y5CRDMDR4PNHAHKW,2022-04-08,Renie Arents,Renie,Arents,rarentshj@phpbb.com,6000
01GWGRTT79ZV9E3QQMKTCS4ZPX,2023-02-08,Lexine Shepley,Lexine,Shepley,lshepleyhk@flavors.me,10000
01GWGRTT7EM60FGJT9RFTQ09FC,2022-08-15,Winonah Adamowitz,Winonah,Adamowitz,wadamowitzhl@sbwire.com,5000
01GWGRTT7J1K612JH14TN3PY8J,2023-01-20,Justin Priddis,Justin,Priddis,jpriddishm@pcworld.com,5600
01GWGRTT7PBS896D73E27FB4DX,2022-11-01,Curtis Yakobowitch,Curtis,Yakobowitch,cyakobowitchhn@columbia.edu,7800
01GWGRTT7TP4W1WQ64PR9CAGFP,2022-05-28,Arvin Gercke,Arvin,Gercke,agerckeho@patch.com,5200
01GWGRTT7XWBSFYWKQQMBRYVCV,2022-12-31,Sena Kunzelmann,Sena,Kunzelmann,skunzelmannhp@upenn.edu,6500
01GWGRTT83J74X0TED7H0NZ2G6,2022-01-07,Millisent Fetherston,Millisent,Fetherston,mfetherstonhq@123-reg.co.uk,7500
01GWGRTT87Y0CB25ERSKQBCD5M,2022-12-28,Alvy Tomaszewski,Alvy,Tomaszewski,atomaszewskihr@state.tx.us,9500
01GWGRTT8CAYGPW7AVQRQZ3YFC,2022-09-24,Raquel Haughton,Raquel,Haughton,rhaughtonhs@1und1.de,5500
01GWGRTT8G5EBJ8WDYAY7MFHBV,2023-01-14,Lock Hencke,Lock,Hencke,lhenckeht@ovh.net,6300
01GWGRTT8NVCYXEVVP8N71H2RE,2022-05-07,Adams Billany,Adams,Billany,abillanyhu@fc2.com,7000
01GWGRTT8SJHKJFADJN1F210F1,2022-03-30,Klara Kerrey,Klara,Kerrey,kkerreyhv@vk.com,9900
01GWGRTT8WC95BE2H8TDMRRF4G,2023-03-03,Frazer Infante,Frazer,Infante,finfantehw@usgs.gov,7400
01GWGRTT8ZFWRKNA9GDJK547ZR,2022-06-01,Sandie Royson,Sandie,Royson,sroysonhx@patch.com,5700
01GWGRTT93Z4NQVFXCDFW19CEG,2023-01-17,Erek Puddan,Erek,Puddan,epuddanhy@sourceforge.net,6000
01GWGRTT96V3CAMS53NQMSCY8E,2022-03-27,Adler Gianneschi,Adler,Gianneschi,agianneschihz@github.io,7000
01GWGRTT9ARTQ5BV7X69TN6BA0,2023-03-06,Zelig Yakovliv,Zelig,Yakovliv,zyakovlivi0@shareasale.com,7500
01GWGRTT9EBKEXJFNQ3TYVG9MV,2022-09-07,Templeton Yellowley,Templeton,Yellowley,tyellowleyi1@smugmug.com,6400
01GWGRTT9HEPWNQ6WJPYJXDHHC,2022-03-03,Patten Bettenson,Patten,Bettenson,pbettensoni2@last.fm,7300
01GWGRTT9P8DGYGCXAHG8JHMET,2022-12-27,Bethany Borrott,Bethany,Borrott,bborrotti3@purevolume.com,7600
01GWGRTT9S3S7G0W5MTD9SZHCR,2022-02-11,Blaire Sharma,Blaire,Sharma,bsharmai4@china.com.cn,9000
01GWGRTT9WBA6NG1Z3YGWT6VTZ,2023-02-25,Maury Lainge,Maury,Lainge,mlaingei5@cocolog-nifty.com,8400
01GWGRTT9ZP8N33WEK0PYGTSQ9,2022-12-06,Corrina Hebbron,Corrina,Hebbron,chebbroni6@chicagotribune.com,6500
01GWGRTTA3Y4FR6VPX6EXAF4VP,2022-05-10,Aggie Keyden,Aggie,Keyden,akeydeni7@meetup.com,5600
01GWGRTTA8N96Y4DTSNJKJNQHP,2022-12-16,Dorey Royle,Dorey,Royle,droylei8@multiply.com,9900
01GWGRTTAD7TQXB7HWF4NQ3686,2022-12-04,Anastassia Heber,Anastassia,Heber,aheberi9@pbs.org,9300
01GWGRTTAMQ27ZK0YJQ9YYAH7T,2022-03-17,Sumner Degue,Sumner,Degue,sdegueia@washington.edu,8300
01GWGRTTAR77S693AJBQBRJBXF,2022-02-21,Jillie Alliker,Jillie,Alliker,jallikerib@ucla.edu,7400
01GWGRTTAY7E0AXD2SVA205452,2022-02-04,Jody Bonnyson,Jody,Bonnyson,jbonnysonic@soundcloud.com,5500
01GWGRTTB33GC8E73AARFW9X0N,2022-11-12,Emmi Addams,Emmi,Addams,eaddamsid@reuters.com,8900
01GWGRTTB7H7KJY21QWH5EVMG7,2022-04-30,Deeann Tunney,Deeann,Tunney,dtunneyie@who.int,8800
01GWGRTTBC5DPHJXS5A45XVJKH,2023-01-20,Hedvige Povah,Hedvige,Povah,hpovahif@artisteer.com,8200
01GWGRTTBGWEFN6HM6P04D4KTQ,2022-12-11,Adriaens Ballin,Adriaens,Ballin,aballinig@elegantthemes.com,6700
01GWGRTTBPRWZ5JER3CZFMFNQY,2022-10-31,Helge Woolmer,Helge,Woolmer,hwoolmerih@yellowpages.com,5800
01GWGRTTBV7Y573AE1TAEPP738,2022-07-26,Shellie Brodeau,Shellie,Brodeau,sbrodeauii@163.com,8100
01GWGRTTC0W5R12ZAVXA4GWD0J,2022-07-07,Udall Lipman,Udall,Lipman,ulipmanij@zdnet.com,8400
01GWGRTTC4TW6X39ZPBCM1WHEK,2023-03-25,Linda McCoid,Linda,McCoid,lmccoidik@youtube.com,7900
01GWGRTTC9Y3NNZ6TVFZX89BSJ,2022-05-20,Juan Lusher,Juan,Lusher,jlusheril@timesonline.co.uk,7800
01GWGRTTCDGWR142G1E79CFG9A,2023-02-14,Hilario Hance,Hilario,Hance,hhanceim@deliciousdays.com,6600
01GWGRTTCJBP8JA949KHB5Y7DS,2022-08-19,Annabela Van der Mark,Annabela,Van der Mark,avanin@economist.com,7800
01GWGRTTCN7HS5V6JEDWKHPM40,2022-04-14,Nehemiah Le Blond,Nehemiah,Le Blond,nleio@howstuffworks.com,7100
01GWGRTTCTYRC1XYXG9WHV7TY6,2023-03-08,Suzy Blockwell,Suzy,Blockwell,sblockwellip@nsw.gov.au,6600
01GWGRTTCZG1E6RG5AE6C9FDQN,2022-06-25,Clareta Carlill,Clareta,Carlill,ccarlilliq@guardian.co.uk,9600
01GWGRTTD49F1MZTB54ZETTFHT,2022-04-13,Sarene Chue,Sarene,Chue,schueir@house.gov,5400
01GWGRTTD9C9KBZHR76MQ7V278,2022-07-20,Marcelia Wichard,Marcelia,Wichard,mwichardis@patch.com,5600
01GWGRTTDCQPR65ZHSK6QH0JTX,2022-04-03,Amandy O'Flaherty,Amandy,O'Flaherty,aoflahertyit@photobucket.com,6300
01GWGRTTDG7900Z04SR24V6GKY,2022-04-11,Jaquelyn Slide,Jaquelyn,Slide,jslideiu@wikia.com,10000
01GWGRTTDMAZ73PMGR9KVCRSZ1,2022-02-07,Genni Roads,Genni,Roads,groadsiv@devhub.com,5900
01GWGRTTDQXJB6PKQHHSZFB6DT,2022-08-05,Cathyleen Wandless,Cathyleen,Wandless,cwandlessiw@home.pl,5900
01GWGRTTDS8G196XVVZ6Y02EKV,2022-02-12,Muire Hordle,Muire,Hordle,mhordleix@dion.ne.jp,5600
01GWGRTTDYKGQPEJKSW13FF465,2022-03-20,Shaughn Holttom,Shaughn,Holttom,sholttomiy@uiuc.edu,8200
01GWGRTTE03AB5QZFJ7QMSD63K,2022-07-20,Stephenie O'Carmody,Stephenie,O'Carmody,socarmodyiz@alexa.com,5300
01GWGRTTE3TC50YNC2HTHGE4QA,2022-04-11,Afton Iglesias,Afton,Iglesias,aiglesiasj0@yellowpages.com,8500
01GWGRTTE5R525BR51C0B3V43X,2022-02-01,Tore Gagen,Tore,Gagen,tgagenj1@pagesperso-orange.fr,9100
01GWGRTTE83JXY0Y5VJYFJRX59,2022-11-08,Sibylla Gristwood,Sibylla,Gristwood,sgristwoodj2@themeforest.net,10000
01GWGRTTECKNGESJ9FM1BXTX0X,2022-01-06,Ansley Dafydd,Ansley,Dafydd,adafyddj3@comcast.net,9500
01GWGRTTEEQM7RJCRPZP3M6QBE,2022-04-17,Janenna Esel,Janenna,Esel,jeselj4@clickbank.net,6800
01GWGRTTEH27VD2ZTVYV0TZAFP,2023-02-21,Hally Eaken,Hally,Eaken,heakenj5@dailymotion.com,5700
01GWGRTTEMXA2ACPP6WTA48RZ5,2023-03-17,Grenville Van Eeden,Grenville,Van Eeden,gvanj6@elpais.com,6700
01GWGRTTEP5NGF19S5Y1NZ8WXZ,2022-04-18,Finn Rendbaek,Finn,Rendbaek,frendbaekj7@dagondesign.com,6500
01GWGRTTESZATKA5H6N0PDZPXK,2022-09-09,Nap Busch,Nap,Busch,nbuschj8@adobe.com,7300
01GWGRTTEWGFWFT5NNCMVT4XZD,2023-01-21,Padgett Boggon,Padgett,Boggon,pboggonj9@theglobeandmail.com,9100
01GWGRTTEZDFMCCVVQFSHCEWAB,2022-09-30,Eduino Clowton,Eduino,Clowton,eclowtonja@tinypic.com,9700
01GWGRTTF2C76GJ66HZRCQXK1Q,2022-08-25,Sherlocke Fricker,Sherlocke,Fricker,sfrickerjb@wikispaces.com,6600
01GWGRTTF5SD14F82Y9JDGBSWT,2022-05-03,Lemmy Tyre,Lemmy,Tyre,ltyrejc@homestead.com,5400
01GWGRTTF9NBFBRF5S5C7CXR78,2022-01-14,Dorisa Deller,Dorisa,Deller,ddellerjd@unblog.fr,8000
01GWGRTTFCX89XD8J912BFBC9Y,2022-06-07,Cchaddie McClune,Cchaddie,McClune,cmccluneje@topsy.com,9200
01GWGRTTFGPSG4Q0KZBASBEXKS,2022-03-07,Vere McVrone,Vere,McVrone,vmcvronejf@tinypic.com,5400
01GWGRTTFKK8PM0P5B7C0THK7S,2022-11-12,Angus Matfield,Angus,Matfield,amatfieldjg@nba.com,8400
01GWGRTTFQHT33QZCJADHNZ7KE,2022-03-07,Wendeline Parmley,Wendeline,Parmley,wparmleyjh@mit.edu,5700
01GWGRTTFVV167G26DYDZD10S8,2023-02-14,Hazlett Davidge,Hazlett,Davidge,hdavidgeji@webs.com,7200
01GWGRTTG179ZBG6M7Z4BJZFQF,2022-08-18,Lynna Brislane,Lynna,Brislane,lbrislanejj@pcworld.com,9600
01GWGRTTG72CJSXZD0Y6JQGKV2,2023-02-09,Mable Mushrow,Mable,Mushrow,mmushrowjk@fastcompany.com,8600
01GWGRTTGC0DGMNPHMEJYRCHMV,2022-12-11,Bamby Gissing,Bamby,Gissing,bgissingjl@icq.com,6700
01GWGRTTGHAME8CD7RQKHEC7QH,2022-05-31,Lowell Pioli,Lowell,Pioli,lpiolijm@imageshack.us,8800
01GWGRTTGM7AF3F6TCJB1BS67Y,2023-02-14,Tabbitha Tynewell,Tabbitha,Tynewell,ttynewelljn@bloglovin.com,7300
01GWGRTTGQSFBBY543BSNAAXGD,2023-01-29,Sofia Manass,Sofia,Manass,smanassjo@arizona.edu,9900
01GWGRTTGWDY0PKR80K3PV1HH5,2022-09-01,Josie Clashe,Josie,Clashe,jclashejp@salon.com,5500
01GWGRTTH0PAAZYKBYTMXRD3DF,2022-07-31,Emelda Lear,Emelda,Lear,elearjq@eepurl.com,5000
01GWGRTTH476S4VCET8THHZ476,2022-12-02,Elly Wardlaw,Elly,Wardlaw,ewardlawjr@house.gov,5900
01GWGRTTH9H7E435DXA86A3HCC,2023-01-08,Karissa Hubert,Karissa,Hubert,khubertjs@gnu.org,5500
01GWGRTTHCMKFQCX54KB6A50EK,2023-01-02,Zoe Boleyn,Zoe,Boleyn,zboleynjt@nymag.com,8400
01GWGRTTHEZ5NTT9DJMCSBF4T1,2022-06-11,Clary Rennocks,Clary,Rennocks,crennocksju@lycos.com,6100
01GWGRTTHHQ3ZBM6QBQ2FCTQ16,2022-03-27,Jasun O'Cannon,Jasun,O'Cannon,jocannonjv@sina.com.cn,10000
01GWGRTTHN0FQHERM3CNCNA67Q,2022-10-24,Maire Le Provost,Maire,Le Provost,mlejw@hexun.com,7600
01GWGRTTHRHPG95BVH7RC9ZXHT,2022-11-04,Etty By,Etty,By,ebyjx@webnode.com,7000
01GWGRTTHVXHVEG8J50VTNQDMA,2023-01-15,Silvia Baptiste,Silvia,Baptiste,sbaptistejy@washington.edu,9600
01GWGRTTHX7HY02GK6Y9XZQS1T,2022-11-09,Jocelin Frodsam,Jocelin,Frodsam,jfrodsamjz@g.co,6000
01GWGRTTHZ6PM1BAEJ130054AH,2022-05-02,Michal McBlain,Michal,McBlain,mmcblaink0@msu.edu,6700
01GWGRTTJ1A26NQYG0QE4TAEVC,2022-05-08,Ethelin Corssen,Ethelin,Corssen,ecorssenk1@delicious.com,7500
01GWGRTTJ4G6P3W2YD2WZ32A8Y,2022-07-03,Ruthanne Szymoni,Ruthanne,Szymoni,rszymonik2@a8.net,5500
01GWGRTTJ7BTQPZ8BFRW6K2Q52,2022-11-09,Selinda Kinsman,Selinda,Kinsman,skinsmank3@cafepress.com,7800
01GWGRTTJAJXJ2NB01N8CT43P6,2022-03-28,Ringo Winkworth,Ringo,Winkworth,rwinkworthk4@bing.com,9000
01GWGRTTJFJ25MF9CMF4JJ7SN4,2023-01-22,Zebadiah Sent,Zebadiah,Sent,zsentk5@dell.com,9100
01GWGRTTJK22ZWJHXSZT1RTG83,2022-11-04,Perrine Breeds,Perrine,Breeds,pbreedsk6@yale.edu,6700
01GWGRTTJQZXTE95BMDD9G5JD5,2022-12-05,Jacquie Jordison,Jacquie,Jordison,jjordisonk7@vkontakte.ru,9100
01GWGRTTJVS64HCTQQDQSSFTDY,2022-07-30,Roma Jennrich,Roma,Jennrich,rjennrichk8@businesswire.com,9800
01GWGRTTJYEV29G50A5HAZNG1P,2022-04-07,Terry Ciotti,Terry,Ciotti,tciottik9@bing.com,6300
01GWGRTTK2C9VC8SQ8DKGMQY8Z,2023-01-30,Lorrie Staner,Lorrie,Staner,lstanerka@tamu.edu,8600
01GWGRTTK5EJGV5G9Z99E4FGPV,2022-07-20,Eileen Aronstein,Eileen,Aronstein,earonsteinkb@webnode.com,5300
01GWGRTTK85ETAKQGP2GABXJWV,2022-07-30,Ernestine Plaskitt,Ernestine,Plaskitt,eplaskittkc@cnn.com,8500
01GWGRTTKBD1CZCXP9J9YX0HB3,2022-07-03,Marve Gludor,Marve,Gludor,mgludorkd@harvard.edu,6800
01GWGRTTKFVWVPPWM1GZ56XEK6,2022-02-22,Myrta Thorald,Myrta,Thorald,mthoraldke@jugem.jp,8400
01GWGRTTKJ5B1TEWDN7S974JZF,2023-01-23,Terrill Rowes,Terrill,Rowes,troweskf@hud.gov,6300
01GWGRTTKNEY4450GJ86QAR0PX,2023-01-31,Domenic Liepmann,Domenic,Liepmann,dliepmannkg@pagesperso-orange.fr,8100
01GWGRTTKRKAX1NNK16XVPF9JS,2022-04-29,Kandace Cardenas,Kandace,Cardenas,kcardenaskh@admin.ch,7000
01GWGRTTKV0862YWR0BJZM928J,2022-12-22,Sharline Pinar,Sharline,Pinar,spinarki@nhs.uk,7700
01GWGRTTKYJ91SWHS1ZMDYXCTH,2022-04-01,Sandi Mathis,Sandi,Mathis,smathiskj@statcounter.com,5500
01GWGRTTM1CMBPKRX8S11XGRTN,2022-05-15,Selie Barbrick,Selie,Barbrick,sbarbrickkk@liveinternet.ru,7600
01GWGRTTM4MBPBR0A50X4DX3NQ,2022-04-07,Dionysus Davydochkin,Dionysus,Davydochkin,ddavydochkinkl@liveinternet.ru,7700
01GWGRTTM77T5CA5HXPWB7TR85,2022-12-22,Simon Aspel,Simon,Aspel,saspelkm@gov.uk,7900
01GWGRTTM90K341YMMV38JV9SR,2022-05-24,Essie Goodbur,Essie,Goodbur,egoodburkn@spiegel.de,7100
01GWGRTTMCJH1NF6085JBFD3AY,2022-12-10,Emanuele Frascone,Emanuele,Frascone,efrasconeko@cbsnews.com,7300
01GWGRTTMFN54VPHVAPHJ5P8DQ,2022-09-16,Gordie Molineaux,Gordie,Molineaux,gmolineauxkp@edublogs.org,7900
01GWGRTTMJQT55AYJPRXADJJCG,2023-03-01,Guinna Vasquez,Guinna,Vasquez,gvasquezkq@multiply.com,9500
01GWGRTTMM8WDRR9PQR3ECP947,2022-09-21,Kathryne Anglin,Kathryne,Anglin,kanglinkr@ft.com,5100
01GWGRTTMQQPTQCT689GKY0NDK,2022-09-21,Wernher Walasik,Wernher,Walasik,wwalasikks@ebay.com,5600
01GWGRTTMTYREX59EBEZAVR9PB,2022-03-14,Brietta Cadalleder,Brietta,Cadalleder,bcadallederkt@imdb.com,7400
01GWGRTTMY01QAZ2HRN3F9SKMV,2022-11-16,Junie Huonic,Junie,Huonic,jhuonicku@liveinternet.ru,5600
01GWGRTTN1ESVRX2XJVPR1Y0WP,2022-10-13,Corie Leggis,Corie,Leggis,cleggiskv@qq.com,5400
01GWGRTTN56S6VY8G7KBMX8NF0,2022-02-03,Rodolph Andriessen,Rodolph,Andriessen,randriessenkw@cargocollective.com,8700
01GWGRTTN81205DHRP9CE6RNFX,2022-08-15,Franchot Guidini,Franchot,Guidini,fguidinikx@cnn.com,7800
01GWGRTTNCR1ZNCKDN3DR2FTYN,2023-03-26,Mignon Beric,Mignon,Beric,mbericky@craigslist.org,7900
01GWGRTTNFMGA4CN4HJ3FCRJAF,2023-01-24,Alwyn Trower,Alwyn,Trower,atrowerkz@netlog.com,7300
01GWGRTTNH3B2VW6EJMKJ18BEB,2022-04-11,Giacopo Flann,Giacopo,Flann,gflannl0@dailymail.co.uk,8800
01GWGRTTNMENXH8F1F2Q1YET0Z,2022-06-05,Izabel Alexander,Izabel,Alexander,ialexanderl1@wikia.com,5900
01GWGRTTNQ8C5PTKYHJ4QDKTBW,2023-03-11,Leonerd Scotchford,Leonerd,Scotchford,lscotchfordl2@wp.com,7400
01GWGRTTNTZT16JTEPDDMH1Q0Z,2022-10-24,Peria Brenstuhl,Peria,Brenstuhl,pbrenstuhll3@surveymonkey.com,6100
01GWGRTTNWRQ8AJNPDSKTDC5PH,2022-05-25,Dalt Tine,Dalt,Tine,dtinel4@yellowbook.com,7700
01GWGRTTNZH0775HFAFC547GXP,2022-03-06,Michaeline Ferrarone,Michaeline,Ferrarone,mferraronel5@ibm.com,5800
01GWGRTTP28ZA1DVZCBPA25S8H,2022-10-02,Cyndy Shine,Cyndy,Shine,cshinel6@edublogs.org,8000
01GWGRTTP437E0VJDRFE75EYZZ,2022-01-24,Whitney Hartus,Whitney,Hartus,whartusl7@friendfeed.com,5300
01GWGRTTP7QNY2EXH438GC4Q6M,2022-08-16,Bobbye Largent,Bobbye,Largent,blargentl8@github.com,7400
01GWGRTTP9A2TSJNF803EDTZ73,2022-03-28,Mariya Stanhope,Mariya,Stanhope,mstanhopel9@ebay.co.uk,9500
01GWGRTTPCVR0HSYTATFAP63DJ,2022-06-23,Ambur Wolfers,Ambur,Wolfers,awolfersla@posterous.com,7400
01GWGRTTPE2CGWJ6V5DZTRKC07,2022-02-08,Estel Brightman,Estel,Brightman,ebrightmanlb@ed.gov,7300
01GWGRTTPHNZS84QPP8GEHTYGQ,2022-08-29,Thaddus Ambrogelli,Thaddus,Ambrogelli,tambrogellilc@woothemes.com,5600
01GWGRTTPM8SH2XDZY6EF3VVEM,2022-04-24,Friederike Drohan,Friederike,Drohan,fdrohanld@unblog.fr,6900
01GWGRTTPP3YTHNQ1F4H8T254N,2022-08-15,Peyton Smoughton,Peyton,Smoughton,psmoughtonle@fotki.com,5200
01GWGRTTPS5EVXW1ST4FWKTWQG,2022-12-14,Tripp Pettyfar,Tripp,Pettyfar,tpettyfarlf@un.org,8000
01GWGRTTPWFPVAAXY8KWH02ZY6,2022-11-25,Eldon Kettel,Eldon,Kettel,ekettellg@blogtalkradio.com,5000
01GWGRTTQ05ABK1RE6ACA0NRY7,2022-01-19,Susann Marklew,Susann,Marklew,smarklewlh@upenn.edu,5100
01GWGRTTQ5QH49Z8MNV5XHCVZJ,2023-02-02,Trish Rounsivall,Trish,Rounsivall,trounsivallli@blog.com,5800
01GWGRTTQ9K7HKKXV38S5BZR26,2022-10-31,Lucilia Fewtrell,Lucilia,Fewtrell,lfewtrelllj@quantcast.com,9200
01GWGRTTQCV56KSKDQJCD6FA7S,2022-03-07,Diane Bariball,Diane,Bariball,dbariballlk@marriott.com,7300
01GWGRTTQGMCD2XF66YER0WCPA,2022-12-12,Any Saxton,Any,Saxton,asaxtonll@unicef.org,7600
01GWGRTTQKJKN850FSE30PVJKS,2022-08-06,Lani Fullalove,Lani,Fullalove,lfullalovelm@4shared.com,6400
01GWGRTTQPXQY9H5NWGRY6KZ6T,2022-01-18,Ninnette Tatford,Ninnette,Tatford,ntatfordln@xinhuanet.com,10000
01GWGRTTQSRVPAW8GMKHEC28PC,2022-03-12,Lucky Culp,Lucky,Culp,lculplo@jalbum.net,6800
01GWGRTTQWBYYEFGD4QW5FJ19E,2022-12-11,Martina Bushrod,Martina,Bushrod,mbushrodlp@yahoo.co.jp,9400
01GWGRTTQZ8M4RFTKQF7HA2VV8,2022-09-29,Ulrica Cabble,Ulrica,Cabble,ucabblelq@opensource.org,6400
01GWGRTTR2XZH809P6ZM1AV6S7,2023-03-13,Danit Tierney,Danit,Tierney,dtierneylr@mit.edu,6600
01GWGRTTR5YVPQKYD9AYJXNJQB,2022-03-03,Kym Sanzio,Kym,Sanzio,ksanziols@blogspot.com,8800
01GWGRTTR8CHJ85AGP3FJY1972,2022-10-21,Jody Schelle,Jody,Schelle,jschellelt@ted.com,8000
01GWGRTTRBMJMGFEXMHTAXB8HJ,2023-02-23,Saxe Crosen,Saxe,Crosen,scrosenlu@tmall.com,5700
01GWGRTTREZJ763S0CE2JYKRY2,2022-07-16,Walton Dinan,Walton,Dinan,wdinanlv@bizjournals.com,7900
01GWGRTTRHRRDF308PM2WN4DDM,2022-09-01,Bert Eborall,Bert,Eborall,beboralllw@wufoo.com,7700
01GWGRTTRN3WBFZYHY3M5PY9T0,2023-03-01,Rafaela Bellenger,Rafaela,Bellenger,rbellengerlx@simplemachines.org,6900
01GWGRTTRRTGE4AP54SW87NXF5,2022-06-05,Ettore Spring,Ettore,Spring,espringly@loc.gov,7100
01GWGRTTRVMHX0F5KP4C5ZSQ0G,2022-11-06,Aloisia Fossey,Aloisia,Fossey,afosseylz@ucsd.edu,5100
01GWGRTTRYE33NGVK7PTMX4ZJE,2023-02-18,Myrilla Kennett,Myrilla,Kennett,mkennettm0@merriam-webster.com,9900
01GWGRTTS1030C7E96T57BVFSN,2023-02-15,Eryn Pankhurst.,Eryn,Pankhurst.,epankhurstm1@t.co,7600
01GWGRTTS4W05N01FZZEHRWABS,2023-01-31,Lynelle Galpin,Lynelle,Galpin,lgalpinm2@theguardian.com,10000
01GWGRTTS7RV1J3GXWNGDMM18S,2022-01-10,Kyle Elph,Kyle,Elph,kelphm3@chron.com,5300
01GWGRTTSAQZ9T51V3Z0WDBAE6,2022-10-14,Victoria Shovlin,Victoria,Shovlin,vshovlinm4@stumbleupon.com,5000
01GWGRTTSDK7JH099DCM0N0D1Q,2022-04-22,Syd Alvarado,Syd,Alvarado,salvaradom5@webeden.co.uk,6400
01GWGRTTSGWRKXD8156EDN0HKD,2022-10-14,Tandy Gedge,Tandy,Gedge,tgedgem6@xrea.com,6300
01GWGRTTSMESYJMJ825E3ES4HD,2022-03-19,Lemar Fintoph,Lemar,Fintoph,lfintophm7@europa.eu,7300
01GWGRTTSQYT0P2AE5F39KTQGE,2022-04-16,Rachelle Vella,Rachelle,Vella,rvellam8@prnewswire.com,5700
01GWGRTTSTH1VKXP7HZTAWYQMS,2022-12-10,Darnell McGowing,Darnell,McGowing,dmcgowingm9@washingtonpost.com,5600
01GWGRTTSXBFA9YB4TN9R2S4FP,2022-10-14,Cherin Tock,Cherin,Tock,ctockma@nbcnews.com,6700
01GWGRTTSZED1W3FV07ZJTAHK4,2022-11-05,Helen Seabright,Helen,Seabright,hseabrightmb@w3.org,8200
01GWGRTTT22HYYQV7GEJS7B21D,2022-01-06,Anna-diane Moyles,Anna-diane,Moyles,amoylesmc@harvard.edu,7600
01GWGRTTT6XTDZ5886APSYT2ZS,2022-04-02,Cathrin Twede,Cathrin,Twede,ctwedemd@360.cn,10000
01GWGRTTT9D1PQTJ458KD920Q3,2022-04-24,Georgie Styant,Georgie,Styant,gstyantme@gov.uk,9500
01GWGRTTTCWQYK3Y3JBYW1V86N,2022-06-14,Lorri Collop,Lorri,Collop,lcollopmf@illinois.edu,7700
01GWGRTTTF5DPX7S4BZRT2362J,2022-11-16,Al Gras,Al,Gras,agrasmg@symantec.com,9900
01GWGRTTTJZHZAFCKQC5CT4EXS,2022-12-24,Laure Espadater,Laure,Espadater,lespadatermh@boston.com,7400
01GWGRTTTPH0AB2QQ4F1SJGRP7,2022-10-30,Ree Petrulis,Ree,Petrulis,rpetrulismi@cnn.com,7600
01GWGRTTTTNSMZ2R97X6W9ARQF,2022-11-26,Ashia Beauchop,Ashia,Beauchop,abeauchopmj@ihg.com,6900
01GWGRTTTXM3KBVXJC72QMGCS4,2022-06-26,Blondell Gasquoine,Blondell,Gasquoine,bgasquoinemk@clickbank.net,7200
01GWGRTTV1BTEHM6TSNTY0WHW7,2022-01-10,Donall Hessle,Donall,Hessle,dhessleml@mac.com,9200
01GWGRTTV660XNVG12A6R79E7A,2023-03-06,Maxwell Rekes,Maxwell,Rekes,mrekesmm@walmart.com,8600
01GWGRTTVARBH98AE4DH9BPCQA,2023-03-04,Emmalynn Kellitt,Emmalynn,Kellitt,ekellittmn@blogs.com,9100
01GWGRTTVETGK332D0Z2Z3FP9D,2022-02-15,Desiree Munby,Desiree,Munby,dmunbymo@businesswire.com,5500
01GWGRTTVJAG55XWJWDETQWNZ4,2022-08-05,Griffie Banck,Griffie,Banck,gbanckmp@wikipedia.org,5900
01GWGRTTVN061N9AJDMM33SSBJ,2022-02-17,Trish Spurdon,Trish,Spurdon,tspurdonmq@storify.com,9000
01GWGRTTVSDJGSZJXF1CEWSA4Q,2022-06-18,Conrade Skeech,Conrade,Skeech,cskeechmr@imageshack.us,8500
01GWGRTV09JB1EDJN2019AJWYD,2022-06-17,Modestine Kenan,Modestine,Kenan,mkenanms@photobucket.com,9200
01GWGRTV0J0DCP6V1DT49FP8VW,2022-03-14,Hakeem Emons,Hakeem,Emons,hemonsmt@redcross.org,5300
01GWGRTV0PQ3F3Q1QGAZZR28SG,2022-03-11,Wendi Lunnon,Wendi,Lunnon,wlunnonmu@alibaba.com,7500
01GWGRTV0VTDFM0GAX2Z5XPGMJ,2023-02-13,Raynor Elix,Raynor,Elix,relixmv@paypal.com,7700
01GWGRTV10F66PP9NTWTK8CHCX,2023-01-09,Lorrie Tonbye,Lorrie,Tonbye,ltonbyemw@indiatimes.com,9700
01GWGRTV15565BDPRBGGPQ3S6H,2022-10-09,Hershel Witcher,Hershel,Witcher,hwitchermx@utexas.edu,10000
01GWGRTV19YS6DA70WZQYC56YH,2022-03-03,Roda Livingstone,Roda,Livingstone,rlivingstonemy@blogtalkradio.com,6200
01GWGRTV1DGPGVQBSVRN7ZDXRW,2022-07-15,Maggy Simoncini,Maggy,Simoncini,msimoncinimz@techcrunch.com,9800
01GWGRTV1H942SB7HJP179BBPB,2022-05-20,Donall Feldmann,Donall,Feldmann,dfeldmannn0@delicious.com,5200
01GWGRTV1NWW9T0ZSEJCRBGY6W,2022-05-13,Odelia Cicconetti,Odelia,Cicconetti,ocicconettin1@qq.com,8500
01GWGRTV1R7QWYVC58VE7ENZ48,2022-09-15,Jorrie Stanett,Jorrie,Stanett,jstanettn2@rediff.com,8000
01GWGRTV1WA0721TFR3WDK55FQ,2022-08-24,Marcello Gaddie,Marcello,Gaddie,mgaddien3@deviantart.com,6400
01GWGRTV20QXAQEBCZG03YH255,2022-07-10,Sydney Pougher,Sydney,Pougher,spoughern4@shutterfly.com,7500
01GWGRTV23C4V2BGMPXA4CMSCS,2022-02-04,Stan Gadaud,Stan,Gadaud,sgadaudn5@canalblog.com,7600
01GWGRTV27BF1M0RGMWAVA5HE9,2022-04-11,Daniele Charles,Daniele,Charles,dcharlesn6@squarespace.com,5700
01GWGRTV2ARK0387D4K9T8A55B,2022-02-25,Loydie Guthrie,Loydie,Guthrie,lguthrien7@linkedin.com,8000
01GWGRTV2E77KYZKVCHCPN4RBP,2022-02-12,Basia Oldknowe,Basia,Oldknowe,boldknowen8@typepad.com,5900
01GWGRTV2HH8BFT558SCY6019H,2022-05-10,Dalila Cino,Dalila,Cino,dcinon9@github.io,6200
01GWGRTV2NGY949WWEGTZJH5V1,2022-04-29,Becki Baile,Becki,Baile,bbailena@devhub.com,5800
01GWGRTV2R7W7ZQE0CYWW6XXJP,2022-09-08,Caryn Figger,Caryn,Figger,cfiggernb@cloudflare.com,9600
01GWGRTV2WG2T8A86CAEZV9H6Q,2022-09-28,Vera Jalland,Vera,Jalland,vjallandnc@bbb.org,7900
01GWGRTV2ZYV532R5WMC5DN8B0,2023-02-05,Archibold Badwick,Archibold,Badwick,abadwicknd@weebly.com,9100
01GWGRTV33X0NYBCS0NNVB5S2D,2022-02-06,Alvira Rey,Alvira,Rey,areyne@livejournal.com,9400
01GWGRTV36BN36TMC9GDY6MJ2N,2022-07-14,Sherri Novakovic,Sherri,Novakovic,snovakovicnf@prweb.com,8900
01GWGRTV3A1WJ3DZERPXXVBMKP,2022-02-21,Vasili Papierz,Vasili,Papierz,vpapierzng@aol.com,6100
01GWGRTV3DBHD6CRPZMK8XNQ4Z,2022-02-21,Daisey Haggerston,Daisey,Haggerston,dhaggerstonnh@histats.com,8900
01GWGRTV3GN73CN5JCRQXGAW1N,2022-12-11,Hildagard todor,Hildagard,todor,htodorni@technorati.com,5600
01GWGRTV3MNQPYGZG7P0GDVBAN,2022-10-03,Knox Dawby,Knox,Dawby,kdawbynj@bravesites.com,8000
01GWGRTV3RQ8VAYKFZX0JVP454,2022-03-11,Devonna Symers,Devonna,Symers,dsymersnk@nhs.uk,6600
01GWGRTV3VP68X56GKDCXY93HP,2022-07-22,Derril Whittet,Derril,Whittet,dwhittetnl@deliciousdays.com,6200
01GWGRTV3Y8M240RXBB9EATVXK,2022-06-20,Munmro Fiddiman,Munmro,Fiddiman,mfiddimannm@yolasite.com,6100
01GWGRTV42HHNZ5JVV5WYCPNEF,2022-03-14,Kyle Fero,Kyle,Fero,kferonn@printfriendly.com,5000
01GWGRTV452A8AM8F26F33755Q,2022-11-20,Blisse Hubbold,Blisse,Hubbold,bhubboldno@purevolume.com,9500
01GWGRTV49ACHYE3Z9BSAGND24,2022-11-18,Arni Daviddi,Arni,Daviddi,adaviddinp@squidoo.com,8700
01GWGRTV4CGTQBH9XWPVJMR1RE,2023-01-18,Lori Everingham,Lori,Everingham,leveringhamnq@wikipedia.org,5800
01GWGRTV4FAVP09DHPY1Q27730,2022-01-01,Devin Clout,Devin,Clout,dcloutnr@bluehost.com,6400
01GWGRTV4K94M9WNT9GQ9X1HFB,2023-01-08,Harmonia Saladino,Harmonia,Saladino,hsaladinons@dedecms.com,9900
01GWGRTV4PMS4VQVMWAKM5FJE0,2022-04-09,Ofelia Morcomb,Ofelia,Morcomb,omorcombnt@wix.com,7600
01GWGRTV4T7Q7QKPE4V8MWN1KT,2023-02-02,Tyrus Davey,Tyrus,Davey,tdaveynu@mac.com,7300
01GWGRTV4XH3056R6DR7N5Q1Y5,2022-12-10,Nora Audrey,Nora,Audrey,naudreynv@jimdo.com,5000
01GWGRTV5010XNZXG9VFQ5HZK3,2022-09-19,Hersh Faughny,Hersh,Faughny,hfaughnynw@upenn.edu,9500
01GWGRTV549ZDW0W58XTBVPZZX,2022-07-16,Bendix McQuarter,Bendix,McQuarter,bmcquarternx@scientificamerican.com,7400
01GWGRTV57G60D20H69WYZBR1C,2022-05-24,Fina Ping,Fina,Ping,fpingny@newyorker.com,8100
01GWGRTV5BEGP8PZMMCJ64X9ZH,2022-03-08,Germaine Issard,Germaine,Issard,gissardnz@goo.gl,5600
01GWGRTV5E057NNQ41HNFKR3BG,2022-07-19,Roselin Speir,Roselin,Speir,rspeiro0@cbsnews.com,9700
01GWGRTV5HP0YWA2CBPT7GFFKN,2022-05-16,Romona Wehden,Romona,Wehden,rwehdeno1@behance.net,5700
01GWGRTV5N4497NZW13MSCZCF9,2022-02-06,Bealle Hyman,Bealle,Hyman,bhymano2@bloglines.com,5100
01GWGRTV5RJMW1QKG89PNX3NZC,2022-04-09,Inglebert Lowten,Inglebert,Lowten,ilowteno3@sciencedirect.com,7600
01GWGRTV5WWWKYFY7V0PNM5VM2,2022-09-09,Fredrick Sperring,Fredrick,Sperring,fsperringo4@sohu.com,8600
01GWGRTV5ZEQNG32B87NQSRBC1,2022-09-23,Hertha Werndley,Hertha,Werndley,hwerndleyo5@nature.com,5300
01GWGRTV63V7HSB67TFNGFARMF,2023-02-08,Olin Durgan,Olin,Durgan,odurgano6@pen.io,6800
01GWGRTV66RDE6RBHCKJ026GEB,2022-02-04,Byran Gunston,Byran,Gunston,bgunstono7@youku.com,6800
01GWGRTV6AQG9PF0CVBQBK28HM,2022-02-23,Dag Nasey,Dag,Nasey,dnaseyo8@pinterest.com,5200
01GWGRTV6DAABQFAC7B23KK47S,2022-03-06,Pandora Blasik,Pandora,Blasik,pblasiko9@desdev.cn,7100
01GWGRTV6HVPA718DYVAPFCEKM,2022-03-09,Redford Aleksic,Redford,Aleksic,raleksicoa@craigslist.org,6300
01GWGRTV6M61YE48NEP93PFMKV,2022-12-01,Violette Brigden,Violette,Brigden,vbrigdenob@forbes.com,9000
01GWGRTV6RRNXAT50ZJA9AKFK6,2023-03-21,Dallas Ferrarin,Dallas,Ferrarin,dferrarinoc@prnewswire.com,6500
01GWGRTV6WCZF9B84ER7A7GTZS,2023-02-18,Temp Kabisch,Temp,Kabisch,tkabischod@scribd.com,5400
01GWGRTV7058AG014N3MESVFTC,2023-03-02,Jules Colbeck,Jules,Colbeck,jcolbeckoe@economist.com,9200
01GWGRTV74RDHWYSYH2H109K26,2022-08-17,Waldemar Baldetti,Waldemar,Baldetti,wbaldettiof@godaddy.com,8500
01GWGRTV7873FMKYWXK4NNA513,2023-02-14,Emogene Brockie,Emogene,Brockie,ebrockieog@theguardian.com,5300
01GWGRTV7C9NMG76ZJ1QT71XB6,2022-09-15,Neall Breckon,Neall,Breckon,nbreckonoh@psu.edu,5100
01GWGRTV7GH3JPTEK9TXHMTB5D,2022-10-26,Linzy Dorken,Linzy,Dorken,ldorkenoi@blogtalkradio.com,9800
01GWGRTV7MCDK2K0SPKDSC1GBY,2022-04-06,Evelyn Hankinson,Evelyn,Hankinson,ehankinsonoj@kickstarter.com,5700
01GWGRTV7QYVE7XW1AEA2F2KT3,2022-02-14,Tomaso Strass,Tomaso,Strass,tstrassok@hatena.ne.jp,9600
01GWGRTV7T6Z5J2JK150J0J7PM,2022-08-11,Sky Mammatt,Sky,Mammatt,smammattol@example.com,9700
01GWGRTV7YZH5XW30YFRBV7KM0,2022-02-20,Nanette Dampier,Nanette,Dampier,ndampierom@cdbaby.com,7300
01GWGRTV82CHDDK8KP5B5Z3TBT,2022-04-23,Jerrold Langmaid,Jerrold,Langmaid,jlangmaidon@usda.gov,9800
01GWGRTV86A7DM1A0XWK44SN8N,2022-07-17,Thorvald Canlin,Thorvald,Canlin,tcanlinoo@bloomberg.com,7100
01GWGRTV8AHFGD1D12Q87XFV10,2022-08-03,Shanan Connick,Shanan,Connick,sconnickop@ebay.com,8200
01GWGRTV8ED2Y8K6AD519DDJS6,2022-11-21,Willabella Heintze,Willabella,Heintze,wheintzeoq@blinklist.com,6700
01GWGRTV8KFJ5SJ0DAG2MNMBYD,2022-03-14,Godard Tudball,Godard,Tudball,gtudballor@elegantthemes.com,8300
01GWGRTV8Q38Z7EXMBBBTJFWA1,2022-03-27,Richardo Robuchon,Richardo,Robuchon,rrobuchonos@craigslist.org,9500
01GWGRTV8V8SNWA5XYNF374MMH,2023-02-13,Nicolis McKinnell,Nicolis,McKinnell,nmckinnellot@msn.com,6000
01GWGRTV90GXNDJT1DD9V9PQ4X,2022-07-26,Koralle Boullen,Koralle,Boullen,kboullenou@usda.gov,6300
01GWGRTV947N9HJ49Y144J9NAH,2022-08-09,Kakalina Drinkale,Kakalina,Drinkale,kdrinkaleov@fastcompany.com,6400
01GWGRTV98PJYEKPM1PZ3PMNGY,2022-04-14,Erma Guillond,Erma,Guillond,eguillondow@time.com,8400
01GWGRTV9D02EEG107X3TD7GSE,2022-10-31,Darn Abdie,Darn,Abdie,dabdieox@about.com,5800
01GWGRTV9HC6MJJ9VN4KHERS8V,2022-08-02,Annie Hulbert,Annie,Hulbert,ahulbertoy@state.gov,7300
01GWGRTV9N9B5M1PE1G0FE8T84,2022-08-09,Aimil Myerscough,Aimil,Myerscough,amyerscoughoz@cnn.com,9000
01GWGRTV9S9EQVVE5W3SD7ZGZP,2022-11-30,Lem Whiston,Lem,Whiston,lwhistonp0@bloomberg.com,8100
01GWGRTV9XV3YV55Q8BRTSB62Y,2022-07-29,Markus Fillgate,Markus,Fillgate,mfillgatep1@nifty.com,5700
01GWGRTVA0D0JCP382CDSBF5M4,2023-01-27,Egbert Brakespear,Egbert,Brakespear,ebrakespearp2@dropbox.com,6600
01GWGRTVA446MNFCBHEAZAQGWT,2022-12-26,Rancell Kee,Rancell,Kee,rkeep3@guardian.co.uk,9900
01GWGRTVA7XN6DH1B4KC0MKHCB,2022-11-02,Mal Warnes,Mal,Warnes,mwarnesp4@timesonline.co.uk,9400
01GWGRTVAB2CQWN3TCG3N6P63M,2022-06-01,Bryanty Everal,Bryanty,Everal,beveralp5@intel.com,7300
01GWGRTVAE1KRKDBRQQ5NGMHAB,2022-10-17,Emilee Ryam,Emilee,Ryam,eryamp6@com.com,8100
01GWGRTVAKT7XT10SC5T1C82R7,2022-11-13,Terri-jo Usherwood,Terri-jo,Usherwood,tusherwoodp7@yolasite.com,9400
01GWGRTVAQ9ATVXSX8RH2TEMJW,2022-08-01,Seymour Dysert,Seymour,Dysert,sdysertp8@hp.com,7000
01GWGRTVAVGMK45ZE0AKXESHZC,2022-11-13,Blinny Drewe,Blinny,Drewe,bdrewep9@i2i.jp,9700
01GWGRTVAZBWNZQN156Z8Y2VTJ,2023-02-19,Genovera Palatino,Genovera,Palatino,gpalatinopa@hp.com,5500
01GWGRTVB3V7NC2KGWV02RFM5G,2022-04-29,Nil Fears,Nil,Fears,nfearspb@studiopress.com,5100
01GWGRTVB7W7M5MPPZBED4K0YN,2022-04-23,Melisande Dami,Melisande,Dami,mdamipc@chron.com,5600
01GWGRTVBBGCF3Z2ZTBRTDJRBV,2022-02-06,Agustin Barsam,Agustin,Barsam,abarsampd@domainmarket.com,6800
01GWGRTVBEYSYDQ8KPMXKHNP90,2023-01-15,Ekaterina Capoun,Ekaterina,Capoun,ecapounpe@ucsd.edu,7700
01GWGRTVBJVKCPK6NREPQJECJY,2022-10-29,Abra Eddisford,Abra,Eddisford,aeddisfordpf@github.io,5000
01GWGRTVBPPADPK8T7MY5BPMKS,2022-12-30,Jennette Salzburg,Jennette,Salzburg,jsalzburgpg@cyberchimps.com,8400
01GWGRTVBTC86D8R0R00SR1GZR,2023-01-06,Arluene Sealand,Arluene,Sealand,asealandph@mashable.com,8200
01GWGRTVBYZA5WKW6K48QG2TFV,2022-04-08,Charlotta Merrydew,Charlotta,Merrydew,cmerrydewpi@bloomberg.com,5900
01GWGRTVC2CBMSMDAT45JPAHXS,2022-05-23,Jody Guerra,Jody,Guerra,jguerrapj@wix.com,9500
01GWGRTVD3ZHKT5EQQX0JCFEXA,2023-02-05,Arda Oakwood,Arda,Oakwood,aoakwoodpk@etsy.com,9600
01GWGRTVDAE0YVYQYK6AX48SYX,2022-12-02,Bordy Goodband,Bordy,Goodband,bgoodbandpl@shareasale.com,5200
01GWGRTVDGAW54KR02QG2XWD33,2022-05-10,Ethelbert Hinckesman,Ethelbert,Hinckesman,ehinckesmanpm@blogs.com,9800
01GWGRTVDQEV44402125W94W9E,2022-11-13,Care Pollicott,Care,Pollicott,cpollicottpn@slate.com,9200
01GWGRTVDXBDKTRSB0RWEVCD7D,2023-01-02,Darrell Matteoli,Darrell,Matteoli,dmatteolipo@xinhuanet.com,6100
01GWGRTVE2GFF4RRYPX0AG64K0,2022-01-22,Dirk Whitear,Dirk,Whitear,dwhitearpp@jiathis.com,6600
01GWGRTVE6FBFPENT36GJMWG4G,2022-01-09,Reagen Raddon,Reagen,Raddon,rraddonpq@discovery.com,9200
01GWGRTVEBPB9X73TZJHMCSPMA,2022-03-20,Pepe Winwright,Pepe,Winwright,pwinwrightpr@goo.ne.jp,9100
01GWGRTVEGDT0HS0RVYX1XQ2CR,2022-10-15,Annice Vogeller,Annice,Vogeller,avogellerps@goo.ne.jp,7700
01GWGRTVEPHRJ3ZD08Y0EEJXK4,2022-08-20,Letti McCard,Letti,McCard,lmccardpt@hatena.ne.jp,8400
01GWGRTVEVSSAT99KTB71HFF4R,2022-10-24,Tomaso Shepard,Tomaso,Shepard,tshepardpu@bbb.org,6900
01GWGRTVF1W7SCCPWNVS9RXVMZ,2022-09-12,Dominica Feild,Dominica,Feild,dfeildpv@ow.ly,5600
01GWGRTVF9DREYG8YFPV27CWD1,2022-03-27,Maddy Blackader,Maddy,Blackader,mblackaderpw@alibaba.com,5500
01GWGRTVFH6MQAMTJWGSNS2SNJ,2022-05-20,Lynsey Hinstock,Lynsey,Hinstock,lhinstockpx@free.fr,8100
01GWGRTVFP519HP81M8AANFTA0,2022-10-21,Grenville Lamminam,Grenville,Lamminam,glamminampy@wikispaces.com,7500
01GWGRTVFT3RZBP53HXTFMEMG3,2022-08-06,Frannie Rolling,Frannie,Rolling,frollingpz@nytimes.com,9800
01GWGRTVFYXYEH699QPT7JPRNB,2022-02-12,Cloe Milsom,Cloe,Milsom,cmilsomq0@digg.com,9700
01GWGRTVG4FW0NET6GDQRVEQBK,2022-03-24,Ferdinande Justham,Ferdinande,Justham,fjusthamq1@vistaprint.com,9900
01GWGRTVG9F2B15XQYJJ8MQF3C,2023-02-26,Borg Whiteside,Borg,Whiteside,bwhitesideq2@engadget.com,6700
01GWGRTVGGKXNT00MC59XSND5G,2022-09-30,Tadeo Wimsett,Tadeo,Wimsett,twimsettq3@ucla.edu,5800
01GWGRTVGPHRT7Q8QS9RRCQ5KQ,2022-11-20,Madge Keach,Madge,Keach,mkeachq4@printfriendly.com,6100
01GWGRTVGTK8JJYBQ368CJC662,2022-11-02,Freddie Kunzelmann,Freddie,Kunzelmann,fkunzelmannq5@squarespace.com,6700
01GWGRTVGY4TATQ0M3PGT3GQ72,2023-03-24,Velma Grimolbie,Velma,Grimolbie,vgrimolbieq6@naver.com,6200
01GWGRTVH4W0JSBATRWM0VYBAV,2022-04-09,Cathrin MacSween,Cathrin,MacSween,cmacsweenq7@ow.ly,7600
01GWGRTVH9CR3X0SKMX4GSQTMC,2022-09-20,Paige Goldhill,Paige,Goldhill,pgoldhillq8@unblog.fr,8900
01GWGRTVHG1D64QZ9W33SCW3DN,2023-01-26,Dulce Rens,Dulce,Rens,drensq9@google.it,6700
01GWGRTVHPC7XYS337VY67G0HJ,2022-11-26,Edsel Jenkin,Edsel,Jenkin,ejenkinqa@epa.gov,6000
01GWGRTVJ1FC1HBNRCEZPYQBVJ,2023-02-04,Gretta Krugmann,Gretta,Krugmann,gkrugmannqb@prnewswire.com,6500
01GWGRTVJ80RBWH8Y0RE1J271C,2022-10-13,Natalie Tweddle,Natalie,Tweddle,ntweddleqc@go.com,8500
01GWGRTVJE5XJ73VNJD7HB1ZCX,2022-10-13,Forest Tybalt,Forest,Tybalt,ftybaltqd@photobucket.com,6900
01GWGRTVJMT1FYEZGJZA96A1Z0,2022-11-16,Sydel Beautyman,Sydel,Beautyman,sbeautymanqe@bigcartel.com,6500
01GWGRTVJR142V0NRX33VQR33V,2022-04-29,Rebecka Curlis,Rebecka,Curlis,rcurlisqf@mediafire.com,6100
01GWGRTVJYXKH3X4RJDM2SCX6H,2023-02-02,Ferguson Westgate,Ferguson,Westgate,fwestgateqg@nhs.uk,5300
01GWGRTVKMZK4XK38GY7W40PNM,2022-04-02,Nikki Venmore,Nikki,Venmore,nvenmoreqh@smugmug.com,9500
01GWGRTVM7MXQPMKJZ7GDA39KX,2022-03-22,Florentia Mordin,Florentia,Mordin,fmordinqi@nsw.gov.au,5100
01GWGRTVMDGNGYBJ9D5CCK6R57,2023-01-24,Perrine Underhill,Perrine,Underhill,punderhillqj@parallels.com,5600
01GWGRTVMJDSSKQN0A0V3V3QG2,2022-09-30,Forrester Pochon,Forrester,Pochon,fpochonqk@economist.com,7600
01GWGRTVMRGBHDXNDE780TZEEG,2022-10-01,Des Cohrs,Des,Cohrs,dcohrsql@twitpic.com,6600
01GWGRTVMX11E8M9SE9DQKMF2S,2022-03-25,Teddy Georges,Teddy,Georges,tgeorgesqm@adobe.com,5200
01GWGRTVN4QEHQC09QJ7WQKM61,2022-01-28,Babb Waugh,Babb,Waugh,bwaughqn@weibo.com,8600
01GWGRTVNB06ZECKA5ZV37TEW4,2022-01-17,Frederich McGibbon,Frederich,McGibbon,fmcgibbonqo@pagesperso-orange.fr,6200
01GWGRTVNH73WPVMY67PDKH4P3,2022-07-09,Twyla Buttrick,Twyla,Buttrick,tbuttrickqp@vkontakte.ru,5500
01GWGRTVNP0MPE8REWGGV66CF1,2022-02-12,Addie McKenney,Addie,McKenney,amckenneyqq@jalbum.net,8900
01GWGRTVNTWHZNWDED6T1WJ7V3,2023-01-06,Tye Moroney,Tye,Moroney,tmoroneyqr@newsvine.com,8100
01GWGRTVNZ3T8VD7MRTS0KPJ0Z,2022-12-22,Osbert Fylan,Osbert,Fylan,ofylanqs@discovery.com,6400
01GWGRTVP3PPM5FY21ZPZZHPQF,2022-01-12,Reagan Chainey,Reagan,Chainey,rchaineyqt@thetimes.co.uk,7600
01GWGRTVP8KRCTBZ1EPH3X153D,2022-01-11,Towny Beiderbecke,Towny,Beiderbecke,tbeiderbeckequ@angelfire.com,5700
01GWGRTVPF4VRHMFA2D7MXBWW5,2022-09-20,Westbrook Eastridge,Westbrook,Eastridge,weastridgeqv@hc360.com,7000
01GWGRTVPM6ME9WM65VB2B1KA5,2022-11-27,Carin Sutty,Carin,Sutty,csuttyqw@vimeo.com,5100
01GWGRTVPS2F12AMDSX692JZQZ,2023-01-19,Jackie Tregaskis,Jackie,Tregaskis,jtregaskisqx@slideshare.net,6800
01GWGRTVPXFCC9QBY0TZXN8J48,2022-11-30,Aileen Heppner,Aileen,Heppner,aheppnerqy@about.com,7600
01GWGRTVQ7VWMH4TKDTNH4ZARP,2022-09-07,Dukey Barrs,Dukey,Barrs,dbarrsqz@bravesites.com,5900
01GWGRTVQD6MDFXCE7NWC1E7X3,2023-03-12,Leicester Ingleston,Leicester,Ingleston,linglestonr0@aboutads.info,10000
01GWGRTVQJWCGKH026EHXMX990,2022-08-21,Elizabet Ephson,Elizabet,Ephson,eephsonr1@spotify.com,7200
01GWGRTVQQ8XKYKTFA53FD4GXT,2022-03-28,Aurlie Dionisi,Aurlie,Dionisi,adionisir2@bloglovin.com,7500
01GWGRTVQWJC2SRWSC89QHE9AC,2022-08-09,Vonnie Cabrara,Vonnie,Cabrara,vcabrarar3@uol.com.br,6900
01GWGRTVR17Z8Q73GTC1FMWBHG,2022-07-20,Tadeo Surgey,Tadeo,Surgey,tsurgeyr4@prnewswire.com,8200
01GWGRTVR61FYT4G7JX70R90SQ,2022-06-20,Tarrah Sheppard,Tarrah,Sheppard,tsheppardr5@fema.gov,5000
01GWGRTVRARXPSPPPAMD24A7TE,2022-06-10,Davidson Geistbeck,Davidson,Geistbeck,dgeistbeckr6@networkadvertising.org,5200
01GWGRTVREC6JTCDJSYK9HTRB5,2022-03-31,Jenda Spong,Jenda,Spong,jspongr7@google.co.jp,9900
01GWGRTVRJK2PYJTMPZ40VPKV9,2022-06-25,Boy Portwaine,Boy,Portwaine,bportwainer8@nyu.edu,5200
01GWGRTVRPQT3EQ4CW3HGQCSCS,2022-08-04,Chrisse Davoren,Chrisse,Davoren,cdavorenr9@blinklist.com,5000
01GWGRTVRTRG7VXFQDP90WD7SM,2022-10-13,Franciskus Snoding,Franciskus,Snoding,fsnodingra@google.com.hk,7700
01GWGRTVS00ZZNT823D9VC5C97,2022-11-14,Heddie Killimister,Heddie,Killimister,hkillimisterrb@nature.com,9400
01GWGRTVS6J5WJYFW70AS7VPC1,2022-07-09,Cale Alishoner,Cale,Alishoner,calishonerrc@timesonline.co.uk,8300
01GWGRTVSBVE3A5E6C6HYRN7JP,2023-02-26,Rora Butting,Rora,Butting,rbuttingrd@netlog.com,7300
01GWGRTVSHAJH8KQ9GCN96WA66,2022-11-27,Manny Sowten,Manny,Sowten,msowtenre@thetimes.co.uk,6800
01GWGRTVSQZ03XJT91XA2CHYS1,2022-10-14,Rolph Croxon,Rolph,Croxon,rcroxonrf@ocn.ne.jp,8800
01GWGRTVSW0RXK7EMVMN6KW72S,2022-09-15,Seline Hayesman,Seline,Hayesman,shayesmanrg@sciencedirect.com,5700
01GWGRTVT3G7G60V6R0NJP5Z9S,2022-03-25,Ivie Shepherdson,Ivie,Shepherdson,ishepherdsonrh@over-blog.com,8100
01GWGRTVTB0TDFGQ225ESBZ89K,2022-10-04,Stormie Myrie,Stormie,Myrie,smyrieri@ft.com,9900
01GWGRTVTHTH4B8B387TTSKSGX,2022-06-07,Melba Readman,Melba,Readman,mreadmanrj@dot.gov,8000
01GWGRTVTPY2J9GWMCS6AZX3CD,2022-05-02,Lawry Bahl,Lawry,Bahl,lbahlrk@diigo.com,7700
01GWGRTVTT5D9JGVCN00G1X1VF,2022-01-19,Zola Wetherald,Zola,Wetherald,zwetheraldrl@jugem.jp,5800
01GWGRTVTZ6JPJP4EN81G6AJRG,2022-11-22,Beryle Hanne,Beryle,Hanne,bhannerm@examiner.com,5100
01GWGRTVV4R2BW3FA106X90F51,2022-06-28,Gilemette Condict,Gilemette,Condict,gcondictrn@bbb.org,6600
01GWGRTVV9QZE9H28TG2QP50WH,2023-03-22,Norina Stendell,Norina,Stendell,nstendellro@dagondesign.com,6500
01GWGRTVVGTPWY7CWS53RNN5MM,2022-07-07,Shannen Stamp,Shannen,Stamp,sstamprp@japanpost.jp,8300
01GWGRTVVR8AHP350FQJ87TYNX,2022-01-03,Hallsy Girardeau,Hallsy,Girardeau,hgirardeaurq@mozilla.com,5800
01GWGRTVW0JAA1ET5J4HSN7T9G,2022-05-29,Alexandr Gilliard,Alexandr,Gilliard,agilliardrr@time.com,8700